Ga0180051|Ga0180051_1005663 E Predicted Eukaryotic  rRNA (266 bp) From domain V9r to V9r on main strand	k:Eukaryota(0.9700),d:TSAR(0.2910),p:Stramenopiles-Gyrista(0.0669),c:Bacillariophyceae(0.0154),o:Bacillariales(0.0028),f:Bacillariaceae(0.0005),g:Fragilariopsis(0.0001),s:Fragilariopsis_kerguelensis(0.0000)	-	k:Eukaryota
Ga0180051|Ga0180051_1004424 E Predicted Eukaryotic  rRNA (501 bp) From domain V5r to V5r on complementary strand	k:Eukaryota(0.4900),d:TSAR(0.1029),p:Stramenopiles-Gyrista(0.0062),c:Bacillariophyceae(0.0004),o:Bacillariales(0.0000),f:Bacillariaceae(0.0000),g:Fragilariopsis(0.0000),s:Fragilariopsis_kerguelensis(0.0000)	+	
Ga0180051|Ga0180051_1001765 E Predicted Eukaryotic  rRNA (399 bp) From domain V9l to V9l on main strand	k:Eukaryota(1.0000),d:TSAR(0.8900),p:Stramenopiles-Gyrista(0.7031),c:Dictyochophyceae(0.3726),o:Dictyochophyceae_X(0.1975),f:Pedinellales(0.0988),g:Pseudopedinella(0.0277),s:Pseudopedinella_sp.(0.0077)	+	k:Eukaryota,d:TSAR
Ga0180051|Ga0180051_1006651 E Predicted Eukaryotic  rRNA (305 bp) From domain V3l to V3l on main strand	k:Eukaryota(0.9800),d:TSAR(0.5194),p:Stramenopiles-Gyrista(0.1091),c:Bacillariophyceae(0.0229),o:Bacillariales(0.0046),f:Bacillariaceae(0.0009),g:Fragilariopsis(0.0002),s:Fragilariopsis_kerguelensis(0.0000)	+	k:Eukaryota
Ga0180051|Ga0180051_1006672 E Predicted Eukaryotic  rRNA (695 bp) From domain V7l to V7l on main strand	k:Eukaryota(0.9900),d:TSAR(0.1980),p:Stramenopiles-Bigyra(0.0277),c:Opalozoa(0.0036),o:Placidida(0.0005),f:Placidiales(0.0001),g:Placidia(0.0000),s:Placidia_cafeteriopsis(0.0000)	+	k:Eukaryota
Ga0180051|Ga0180051_1007864 E Predicted Eukaryotic  rRNA (293 bp) From domain V4l to V4r on complementary strand	k:Eukaryota(1.0000),d:TSAR(1.0000),p:Alveolata-Alveolata_X(1.0000),c:Alveolata_XX(1.0000),o:Alveolata_XXX(1.0000),f:Alveolata_XXXX(1.0000),g:Alveolata_XXXXX(1.0000),s:Alveolata_XXXXX_sp.(1.0000)	+	k:Eukaryota,d:TSAR,p:Alveolata-Alveolata_X,c:Alveolata_XX,o:Alveolata_XXX,f:Alveolata_XXXX,g:Alveolata_XXXXX,s:Alveolata_XXXXX_sp.
Ga0180051|Ga0180051_1008047 E Predicted Eukaryotic  rRNA (300 bp) From domain V2l to V2l on main strand	k:Eukaryota(0.9900),d:Amoebozoa(0.5742),p:Evosea-Evosea_X(0.3273),c:Variosea(0.1866),o:Fractovitellida(0.1063),f:Soliformoviidae(0.0606),g:Soliformovum(0.0345),s:Soliformovum_irregulare(0.0107)	+	k:Eukaryota
Ga0180051|Ga0180051_1011365 E Predicted Eukaryotic  rRNA (637 bp) From domain V4l to V4r on main strand	k:Eukaryota(1.0000),d:TSAR(0.2700),p:Stramenopiles-Gyrista(0.0189),c:Bacillariophyceae(0.0009),o:Bacillariales(0.0000),f:Bacillariaceae(0.0000),g:Fragilariopsis(0.0000),s:Fragilariopsis_kerguelensis(0.0000)	+	k:Eukaryota
Ga0180051|Ga0180051_1008017 E Predicted Eukaryotic  rRNA (311 bp) From domain V4l to V4r on complementary strand	k:Eukaryota(0.9900),d:TSAR(0.6930),p:Stramenopiles-Bigyra(0.3465),c:Bicoecea(0.1178),o:Pseudodendromonadales(0.0353),f:Pseudodendromonadales_X(0.0106),g:Pseudodendromonadales_XX(0.0031),s:Pseudodendromonadales_XX_sp.(0.0009)	+	k:Eukaryota
Ga0180051|Ga0180051_1014399 E Predicted Eukaryotic  rRNA (498 bp) From domain V5r to V5r on main strand	k:Eukaryota(1.0000),d:Amoebozoa(0.5700),p:Evosea-Eumycetozoa(0.3249),c:Myxogastria_Fuscisporidia(0.1819),o:Stemonitida(0.0673),f:Stemonitidae(0.0249),g:Meriderma(0.0047),s:Meriderma_cribrarioides(0.0009)	+	k:Eukaryota
Ga0180051|Ga0180051_1016447 E Predicted Eukaryotic  rRNA (313 bp) From domain V1l to V1l on main strand	k:Eukaryota(1.0000),d:Excavata(0.9900),p:Discoba-Euglenozoa(0.9801),c:Euglenida(0.9703),o:Euglenida_X(0.9606),f:Lentomonadidae(0.9414),g:Lentomonas(0.9226),s:Lentomonas_sp.(0.9041)	+	k:Eukaryota,d:Excavata,p:Discoba-Euglenozoa,c:Euglenida,o:Euglenida_X,f:Lentomonadidae,g:Lentomonas,s:Lentomonas_sp.
Ga0180051|Ga0180051_1016025 E Predicted Eukaryotic  rRNA (430 bp) From domain V1l to V1l on main strand	k:Eukaryota(1.0000),d:Excavata(1.0000),p:Discoba-Euglenozoa(1.0000),c:Euglenida(1.0000),o:Euglenophyceae(1.0000),f:Euglenaceae(1.0000),g:Trachelomonas(1.0000),s:Trachelomonas_sp.(0.9900)	+	k:Eukaryota,d:Excavata,p:Discoba-Euglenozoa,c:Euglenida,o:Euglenophyceae,f:Euglenaceae,g:Trachelomonas,s:Trachelomonas_sp.
Ga0180051|Ga0180051_1016870 E Predicted Eukaryotic  rRNA (530 bp) From domain V7r to V7r on main strand	k:Eukaryota(0.9800),d:Archaeplastida(0.1568),p:Chlorophyta-Chlorophyta_X(0.0251),c:Trebouxiophyceae(0.0040),o:Chlorellales(0.0005),f:Chlorellales_X(0.0001),g:Echinocoleum(0.0000),s:Echinocoleum_elegans(0.0000)	+	k:Eukaryota
Ga0180051|Ga0180051_1016918 E Predicted Eukaryotic  rRNA (270 bp) From domain V4l to V4l on complementary strand	k:Eukaryota(0.9200),d:TSAR(0.5428),p:Alveolata-Dinoflagellata(0.1466),c:Dinophyceae(0.0396),o:Gonyaulacales(0.0103),f:Pyrocystaceae(0.0026),g:Ostreopsis(0.0006),s:Ostreopsis_ovata(0.0001)	+	k:Eukaryota
Ga0180051|Ga0180051_1017079 E Predicted Eukaryotic  rRNA (1245 bp) From domain V1l to V4r on main strand	k:Eukaryota(1.0000),d:Excavata(1.0000),p:Discoba-Discoba_X(1.0000),c:Heterolobosea(1.0000),o:Acrasida(1.0000),f:Acrasidae(1.0000),g:Allovahlkampfia(1.0000),s:Allovahlkampfia_sp.(0.9000)	+	k:Eukaryota,d:Excavata,p:Discoba-Discoba_X,c:Heterolobosea,o:Acrasida,f:Acrasidae,g:Allovahlkampfia,s:Allovahlkampfia_sp.
Ga0180051|Ga0180051_1026103 E Predicted Eukaryotic  rRNA (863 bp) From domain V5r to V5r on complementary strand	k:Eukaryota(0.5100),d:TSAR(0.0765),p:Stramenopiles-Gyrista(0.0061),c:Bacillariophyceae(0.0003),o:Bacillariales(0.0000),f:Bacillariaceae(0.0000),g:Fragilariopsis(0.0000),s:Fragilariopsis_kerguelensis(0.0000)	+	
Ga0180051|Ga0180051_1021034 E Predicted Eukaryotic  rRNA (1632 bp) From domain V5r to V5r on main strand	k:Eukaryota(0.7700),d:TSAR(0.3619),p:Stramenopiles-Gyrista(0.1122),c:Bacillariophyceae(0.0325),o:Bacillariales(0.0091),f:Bacillariaceae(0.0026),g:Fragilariopsis(0.0007),s:Fragilariopsis_kerguelensis(0.0002)	+	
Ga0180051|Ga0180051_1027171 E Predicted Eukaryotic  rRNA (541 bp) From domain V5r to V5r on complementary strand	k:Eukaryota:plas(0.1600),d:Archaeplastida:plas(0.0256),p:Chlorophyta:plas-Chlorophyta_X:plas(0.0041),c:Trebouxiophyceae:plas(0.0006),o:Watanabea-Clade:plas(0.0001),f:Watanabea-Clade_X:plas(0.0000),g:Chloroidium:plas(0.0000),s:Chloroidium_ellipsoideum:plas(0.0000)	-	
Ga0180051|Ga0180051_1022861 E Predicted Eukaryotic  rRNA (246 bp) From domain V4r to V4r on main strand	k:Eukaryota(1.0000),d:Obazoa(1.0000),p:Opisthokonta-Metazoa(1.0000),c:Arthropoda(1.0000),o:Crustacea(0.9800),f:Maxillopoda(0.9212),g:Macrocyclops(0.3224),s:Macrocyclops_albidus(0.1128)	+	k:Eukaryota,d:Obazoa,p:Opisthokonta-Metazoa,c:Arthropoda,o:Crustacea,f:Maxillopoda
Ga0180051|Ga0180051_1028414 E Predicted Eukaryotic  rRNA (682 bp) From domain V3l to V3l on main strand	k:Eukaryota(0.9300),d:TSAR(0.4836),p:Stramenopiles-Gyrista(0.1886),c:Bacillariophyceae(0.0698),o:Bacillariales(0.0251),f:Bacillariaceae(0.0090),g:Fragilariopsis(0.0033),s:Fragilariopsis_kerguelensis(0.0012)	+	k:Eukaryota
Ga0180051|Ga0180051_1028896 E Predicted Eukaryotic  rRNA (517 bp) From domain V5r to V5r on main strand	k:Bacteria(0.3700),d:PANNAM(0.1184),p:Epsilonbacteraeota-Epsilonbacteraeota_X(0.0130),c:Campylobacteria(0.0014),o:Campylobacterales(0.0002),f:Sulfurovaceae(0.0000),g:Sulfurovum(0.0000),s:Sulfurovum_sp.(0.0000)	+	
Ga0180051|Ga0180051_1033859 E Predicted Eukaryotic  rRNA (478 bp) From domain V5r to V5r on main strand	k:Eukaryota(0.9900),d:Amoebozoa(0.2376),p:Discosea-Discosea_X(0.0404),c:Centramoebia(0.0057),o:Himatismenida(0.0008),f:Himatismenida_X(0.0001),g:Squamamoeba(0.0000),s:Squamamoeba_japonica(0.0000)	+	k:Eukaryota
Ga0180051|Ga0180051_1034197 E Predicted Eukaryotic  rRNA (382 bp) From domain V4l to V4l on main strand	k:Eukaryota(1.0000),d:TSAR(0.9300),p:Rhizaria-Cercozoa(0.8091),c:Filosa-Sarcomonadea(0.7039),o:Glissomonadida(0.6124),f:Sandonidae(0.5267),g:Sandonidae_X(0.4529),s:Sandonidae_X_sp.(0.3895)	+	k:Eukaryota,d:TSAR,p:Rhizaria-Cercozoa
Ga0180051|Ga0180051_1035458 E Predicted Eukaryotic  rRNA (501 bp) From domain V5r to V5r on complementary strand	k:Eukaryota(0.5600),d:TSAR(0.1904),p:Stramenopiles-Gyrista(0.0209),c:Bacillariophyceae(0.0023),o:Bacillariales(0.0002),f:Bacillariaceae(0.0000),g:Fragilariopsis(0.0000),s:Fragilariopsis_kerguelensis(0.0000)	+	
Ga0180051|Ga0180051_1036715 E Predicted Eukaryotic  rRNA (410 bp) From domain V5r to V5r on complementary strand	k:Eukaryota(0.6900),d:TSAR(0.1794),p:Stramenopiles-Gyrista(0.0269),c:Bacillariophyceae(0.0040),o:Bacillariales(0.0006),f:Bacillariaceae(0.0001),g:Fragilariopsis(0.0000),s:Fragilariopsis_kerguelensis(0.0000)	+	
Ga0180051|Ga0180051_1039255 E Predicted Eukaryotic  rRNA (408 bp) From domain V5l to V5l on complementary strand	k:Eukaryota(1.0000),d:TSAR(0.2500),p:Stramenopiles-Bigyra(0.0350),c:Bicoecea(0.0032),o:Pseudodendromonadales(0.0002),f:Pseudodendromonadales_X(0.0000),g:Pseudodendromonadales_XX(0.0000),s:Pseudodendromonadales_XX_sp.(0.0000)	+	k:Eukaryota
Ga0180051|Ga0180051_1039876 E Predicted Eukaryotic  rRNA (1316 bp) From domain V5r to V5r on main strand	k:Eukaryota(0.6600),d:TSAR(0.2772),p:Stramenopiles-Gyrista(0.0610),c:Bacillariophyceae(0.0104),o:Bacillariales(0.0017),f:Bacillariaceae(0.0003),g:Fragilariopsis(0.0000),s:Fragilariopsis_kerguelensis(0.0000)	+	
Ga0180051|Ga0180051_1044943 E Predicted Eukaryotic  rRNA (1204 bp) From domain V5r to V5r on main strand	k:Eukaryota(0.5800),d:TSAR(0.1856),p:Stramenopiles-Gyrista(0.0316),c:Bacillariophyceae(0.0054),o:Bacillariales(0.0008),f:Bacillariaceae(0.0001),g:Fragilariopsis(0.0000),s:Fragilariopsis_kerguelensis(0.0000)	+	
Ga0180051|Ga0180051_1039564 E Predicted Eukaryotic  rRNA (360 bp) From domain V4l to V4r on main strand	k:Eukaryota(1.0000),d:TSAR(1.0000),p:Alveolata-Ciliophora(1.0000),c:CONThreeP(1.0000),o:CONThreeP_X(1.0000),f:CONThreeP_XX(1.0000),g:Askenasia(1.0000),s:Askenasia_sp.(1.0000)	+	k:Eukaryota,d:TSAR,p:Alveolata-Ciliophora,c:CONThreeP,o:CONThreeP_X,f:CONThreeP_XX,g:Askenasia,s:Askenasia_sp.
Ga0180051|Ga0180051_1044776 E Predicted Eukaryotic  rRNA (546 bp) From domain V3r to V3r on main strand	k:Eukaryota(1.0000),d:TSAR(0.3000),p:Alveolata-Ciliophora(0.0510),c:Prostomatea(0.0041),o:Prorodontida(0.0003),f:Urotrichidae(0.0000),g:Urotricha(0.0000),s:Urotricha_sp.(0.0000)	+	k:Eukaryota
Ga0180051|Ga0180051_1046335 E Predicted Eukaryotic  rRNA (765 bp) From domain V5r to V5r on complementary strand	k:Eukaryota(0.7600),d:TSAR(0.2812),p:Stramenopiles-Gyrista(0.0366),c:Bacillariophyceae(0.0048),o:Bacillariales(0.0006),f:Bacillariaceae(0.0001),g:Fragilariopsis(0.0000),s:Fragilariopsis_kerguelensis(0.0000)	+	
Ga0180051|Ga0180051_1046290 E Predicted Eukaryotic  rRNA (247 bp) From domain V4r to V4r on complementary strand	k:Eukaryota(1.0000),d:Obazoa(0.9900),p:Opisthokonta-Metazoa(0.9801),c:Arthropoda(0.9703),o:Crustacea(0.9606),f:Maxillopoda(0.8934),g:Tropocyclops(0.2948),s:Tropocyclops_ishidai(0.0973)	+	k:Eukaryota,d:Obazoa,p:Opisthokonta-Metazoa,c:Arthropoda,o:Crustacea,f:Maxillopoda
Ga0180051|Ga0180051_1048516 E Predicted Eukaryotic  rRNA (653 bp) From domain V5r to V5r on complementary strand	k:Eukaryota(0.8800),d:TSAR(0.4136),p:Stramenopiles-Gyrista(0.1199),c:Bacillariophyceae(0.0300),o:Bacillariales(0.0066),f:Bacillariaceae(0.0015),g:Fragilariopsis(0.0003),s:Fragilariopsis_kerguelensis(0.0001)	+	k:Eukaryota
Ga0180051|Ga0180051_1050756 E Predicted Eukaryotic  rRNA (488 bp) From domain V1l to V2l on main strand	k:Eukaryota(0.9900),d:Excavata(0.2277),p:Discoba-Euglenozoa(0.0433),c:Diplonemea(0.0035),o:Diplonemida(0.0003),f:Eupelagonemidae(0.0000),g:Eupelagonemidae_X(0.0000),s:Eupelagonemidae_X_sp.(0.0000)	+	k:Eukaryota
Ga0180051|Ga0180051_1050576 E Predicted Eukaryotic  rRNA (388 bp) From domain V4r to V4r on main strand	k:Eukaryota(1.0000),d:TSAR(1.0000),p:Alveolata-Ciliophora(1.0000),c:Prostomatea(0.8800),o:Prorodontida(0.7744),f:Urotrichidae(0.6815),g:Urotricha(0.5997),s:Urotricha_sp.(0.5277)	+	k:Eukaryota,d:TSAR,p:Alveolata-Ciliophora,c:Prostomatea
Ga0180051|Ga0180051_1048894 E Predicted Eukaryotic  rRNA (336 bp) From domain V3r to V4l on complementary strand	k:Eukaryota(1.0000),d:TSAR(0.6200),p:Stramenopiles-Gyrista(0.2976),c:Bacillariophyceae(0.1220),o:Bacillariales(0.0427),f:Bacillariaceae(0.0149),g:Fragilariopsis(0.0052),s:Fragilariopsis_kerguelensis(0.0018)	+	k:Eukaryota
Ga0180051|Ga0180051_1051313 E Predicted Eukaryotic  rRNA (578 bp) From domain V5r to V5r on main strand	k:Eukaryota(0.7100),d:TSAR(0.2343),p:Stramenopiles-Gyrista(0.0445),c:Bacillariophyceae(0.0076),o:Bacillariales(0.0013),f:Bacillariaceae(0.0002),g:Fragilariopsis(0.0000),s:Fragilariopsis_kerguelensis(0.0000)	+	
Ga0180051|Ga0180051_1053519 E Predicted Eukaryotic  rRNA (322 bp) From domain V1l to V2l on complementary strand	k:Eukaryota(1.0000),d:Amoebozoa(1.0000),p:Evosea-Evosea_X(1.0000),c:Variosea(1.0000),o:Cavosteliida(1.0000),f:Cavosteliida_X(1.0000),g:Tychosporium(1.0000),s:Tychosporium_acutostipes(1.0000)	+	k:Eukaryota,d:Amoebozoa,p:Evosea-Evosea_X,c:Variosea,o:Cavosteliida,f:Cavosteliida_X,g:Tychosporium,s:Tychosporium_acutostipes
Ga0180051|Ga0180051_1056790 E Predicted Eukaryotic  rRNA (415 bp) From domain V7l to V8r on main strand	k:Eukaryota(1.0000),d:Amoebozoa(1.0000),p:Evosea-Evosea_X(1.0000),c:Variosea(1.0000),o:Flamellidae(1.0000),f:Flamella-lineage(1.0000),g:Flamella(1.0000),s:Flamella_fluviatilis(0.6000)	+	k:Eukaryota,d:Amoebozoa,p:Evosea-Evosea_X,c:Variosea,o:Flamellidae,f:Flamella-lineage,g:Flamella
Ga0180051|Ga0180051_1062218 E Predicted Eukaryotic  rRNA (385 bp) From domain V8l to V8l on main strand	k:Eukaryota(1.0000),d:Excavata(0.7700),p:Discoba-Euglenozoa(0.5852),c:Euglenida(0.4389),o:Aphagea(0.0746),f:Distigmidae(0.0119),g:Distigma(0.0019),s:Distigma_sennii(0.0002)	+	k:Eukaryota
Ga0180051|Ga0180051_1065019 E Predicted Eukaryotic  rRNA (395 bp) From domain V5r to V5r on complementary strand	k:Eukaryota(0.3000),d:TSAR(0.0570),p:Stramenopiles-Gyrista(0.0057),c:Bacillariophyceae(0.0004),o:Bacillariales(0.0000),f:Bacillariaceae(0.0000),g:Fragilariopsis(0.0000),s:Fragilariopsis_kerguelensis(0.0000)	+	
Ga0180051|Ga0180051_1065809 E Predicted Eukaryotic  rRNA (488 bp) From domain V4l to V4l on complementary strand	k:Eukaryota(0.9900),d:TSAR(0.1584),p:Stramenopiles-Gyrista(0.0143),c:Bacillariophyceae(0.0011),o:Bacillariales(0.0001),f:Bacillariaceae(0.0000),g:Fragilariopsis(0.0000),s:Fragilariopsis_kerguelensis(0.0000)	+	k:Eukaryota
Ga0180051|Ga0180051_1065315 E Predicted Eukaryotic  rRNA (326 bp) From domain V1l to V2l on main strand	k:Eukaryota(1.0000),d:Amoebozoa(0.1900),p:Evosea-Evosea_X(0.0266),c:Variosea(0.0037),o:Flamellidae(0.0004),f:Flamella-lineage(0.0000),g:Flamella(0.0000),s:Flamella_beringiana(0.0000)	+	k:Eukaryota
Ga0180051|Ga0180051_1080483 E Predicted Eukaryotic  rRNA (279 bp) From domain V4r to V4r on main strand	k:Eukaryota(1.0000),d:TSAR(1.0000),p:Alveolata-Dinoflagellata(1.0000),c:Dinophyceae(1.0000),o:Dinophyceae_X(1.0000),f:Dinophyceae_XX(1.0000),g:Dinophyceae_XXX(1.0000),s:Dinophyceae_XXX_sp.(1.0000)	+	k:Eukaryota,d:TSAR,p:Alveolata-Dinoflagellata,c:Dinophyceae,o:Dinophyceae_X,f:Dinophyceae_XX,g:Dinophyceae_XXX,s:Dinophyceae_XXX_sp.
Ga0180051|Ga0180051_1073549 E Predicted Eukaryotic  rRNA (434 bp) From domain V4l to V4r on complementary strand	k:Eukaryota(1.0000),d:TSAR(0.7100),p:Alveolata-Ciliophora(0.4757),c:Litostomatea(0.3140),o:Rhynchostomatia(0.2041),f:Dileptidae(0.1326),g:Dileptidae_X(0.0517),s:Dileptidae_X_sp.(0.0202)	+	k:Eukaryota
Ga0180051|Ga0180051_1078539 E Predicted Eukaryotic  rRNA (458 bp) From domain V4l to V4r on complementary strand	k:Eukaryota(1.0000),d:Obazoa(0.7500),p:Opisthokonta-Metazoa(0.5625),c:Arthropoda(0.3431),o:Crustacea(0.1270),f:Branchiopoda(0.0444),g:Anchistropus(0.0031),s:Anchistropus_emarginatus(0.0002)	+	k:Eukaryota
Ga0180051|Ga0180051_1080964 E Predicted Eukaryotic  rRNA (249 bp) From domain V4r to V4r on complementary strand	k:Eukaryota(1.0000),d:Obazoa(1.0000),p:Opisthokonta-Metazoa(0.9900),c:Arthropoda(0.9801),o:Crustacea(0.9605),f:Maxillopoda(0.8741),g:Tropocyclops(0.2535),s:Tropocyclops_ishidai(0.0735)	+	k:Eukaryota,d:Obazoa,p:Opisthokonta-Metazoa,c:Arthropoda,o:Crustacea,f:Maxillopoda
Ga0180051|Ga0180051_1086430 E Predicted Eukaryotic  rRNA (452 bp) From domain V5r to V5r on main strand	k:Bacteria(0.2900),d:CCD(0.0203),p:Chloroflexi-Chloroflexi_X(0.0010),c:Dehalococcoidia(0.0000),o:GIF9(0.0000),f:AB539J10(0.0000),g:SCGCAB539J10(0.0000),s:SCGCAB539J10_sp.(0.0000)	+	
Ga0180051|Ga0180051_1089850 E Predicted Eukaryotic  rRNA (732 bp) From domain V1l to V1l on main strand	k:Eukaryota(0.9700),d:TSAR(0.4171),p:Stramenopiles-Gyrista(0.1043),c:Bacillariophyceae(0.0219),o:Bacillariales(0.0037),f:Bacillariaceae(0.0006),g:Fragilariopsis(0.0001),s:Fragilariopsis_kerguelensis(0.0000)	+	k:Eukaryota
Ga0180051|Ga0180051_1091312 E Predicted Eukaryotic  rRNA (342 bp) From domain V4r to V4r on main strand	k:Eukaryota(1.0000),d:Obazoa(1.0000),p:Opisthokonta-Metazoa(1.0000),c:Arthropoda(1.0000),o:Crustacea(1.0000),f:Branchiopoda(1.0000),g:Bosmina(1.0000),s:Bosmina_longirostris(1.0000)	+	k:Eukaryota,d:Obazoa,p:Opisthokonta-Metazoa,c:Arthropoda,o:Crustacea,f:Branchiopoda,g:Bosmina,s:Bosmina_longirostris
Ga0180051|Ga0180051_1088150 E Predicted Eukaryotic  rRNA (240 bp) From domain V4r to V4r on main strand	k:Eukaryota(1.0000),d:Obazoa(0.9900),p:Opisthokonta-Metazoa(0.9702),c:Arthropoda(0.9508),o:Crustacea(0.9033),f:Maxillopoda(0.8129),g:Macrocyclops(0.3170),s:Macrocyclops_albidus(0.1205)	+	k:Eukaryota,d:Obazoa,p:Opisthokonta-Metazoa,c:Arthropoda,o:Crustacea,f:Maxillopoda
Ga0180051|Ga0180051_1092673 E Predicted Eukaryotic  rRNA (422 bp) From domain V5r to V5r on main strand	k:Eukaryota(0.5700),d:TSAR(0.2109),p:Stramenopiles-Gyrista(0.0401),c:Bacillariophyceae(0.0072),o:Bacillariales(0.0013),f:Bacillariaceae(0.0002),g:Fragilariopsis(0.0000),s:Fragilariopsis_kerguelensis(0.0000)	+	
Ga0180051|Ga0180051_1098954 E Predicted Eukaryotic  rRNA (554 bp) From domain V3r to V3r on main strand	k:Eukaryota(0.9800),d:TSAR(0.2842),p:Stramenopiles-Gyrista(0.0455),c:Bacillariophyceae(0.0059),o:Naviculales(0.0005),f:Naviculaceae(0.0000),g:Haslea(0.0000),s:Haslea_sp.(0.0000)	+	k:Eukaryota
Ga0180051|Ga0180051_1098898 E Predicted Eukaryotic  rRNA (1734 bp) From domain V5r to V5r on main strand	k:Eukaryota(0.7700),d:TSAR(0.3927),p:Stramenopiles-Gyrista(0.1100),c:Bacillariophyceae(0.0286),o:Bacillariales(0.0074),f:Bacillariaceae(0.0019),g:Fragilariopsis(0.0005),s:Fragilariopsis_kerguelensis(0.0001)	+	
Ga0180051|Ga0180051_1103593 E Predicted Eukaryotic  rRNA (1435 bp) From domain V5r to V5r on main strand	k:Eukaryota(0.7200),d:TSAR(0.2304),p:Stramenopiles-Gyrista(0.0507),c:Bacillariophyceae(0.0101),o:Bacillariales(0.0018),f:Bacillariaceae(0.0003),g:Fragilariopsis(0.0001),s:Fragilariopsis_kerguelensis(0.0000)	+	
Ga0180051|Ga0180051_1100323 E Predicted Eukaryotic  rRNA (391 bp) From domain V2r to V3l on complementary strand	k:Eukaryota(1.0000),d:Haptista(0.8800),p:Haptophyta-Haptophyta_X(0.7744),c:Prymnesiophyceae(0.6815),o:Prymnesiales(0.5111),f:Chrysochromulinaceae(0.3527),g:Chrysochromulina(0.2433),s:Chrysochromulina_sp.(0.1557)	+	k:Eukaryota,d:Haptista
Ga0180051|Ga0180051_1106797 E Predicted Eukaryotic  rRNA (359 bp) From domain V4r to V4r on complementary strand	k:Eukaryota(1.0000),d:Archaeplastida(1.0000),p:Chlorophyta-Chlorophyta_X(1.0000),c:Trebouxiophyceae(1.0000),o:Chlorellales(1.0000),f:Chlorellales_X(1.0000),g:Chlorellales_XX(0.9400),s:Chlorellales_XX_sp.(0.8836)	+	k:Eukaryota,d:Archaeplastida,p:Chlorophyta-Chlorophyta_X,c:Trebouxiophyceae,o:Chlorellales,f:Chlorellales_X,g:Chlorellales_XX,s:Chlorellales_XX_sp.
Ga0180051|Ga0180051_1110131 E Predicted Eukaryotic  rRNA (485 bp) From domain V9l to V9l on main strand	k:Eukaryota(0.9900),d:Archaeplastida(0.2277),p:Chlorophyta-Chlorophyta_X(0.0205),c:Ulvophyceae(0.0016),o:Ulvales-relatives(0.0001),f:Ulvales-relatives_X(0.0000),g:Ulva(0.0000),s:Ulva_compressa(0.0000)	+	k:Eukaryota
Ga0180051|Ga0180051_1110689 E Predicted Eukaryotic  rRNA (469 bp) From domain V1l to V1l on main strand	k:Eukaryota(1.0000),d:Amoebozoa(1.0000),p:Evosea-Eumycetozoa(1.0000),c:Myxogastria_Lucisporidia(1.0000),o:Myxogastria_Lucisporidia_X(1.0000),f:Reticulariidae(1.0000),g:Reticularia(1.0000),s:Reticularia_lycoperdon(1.0000)	+	k:Eukaryota,d:Amoebozoa,p:Evosea-Eumycetozoa,c:Myxogastria_Lucisporidia,o:Myxogastria_Lucisporidia_X,f:Reticulariidae,g:Reticularia,s:Reticularia_lycoperdon
Ga0180051|Ga0180051_1114435 E Predicted Eukaryotic  rRNA (359 bp) From domain V1l to V2l on complementary strand	k:Eukaryota(1.0000),d:Excavata(1.0000),p:Discoba-Euglenozoa(1.0000),c:Diplonemea(1.0000),o:Diplonemida(1.0000),f:Diplonemidae(1.0000),g:Rhynchopus(1.0000),s:Rhynchopus_sp.(0.5900)	+	k:Eukaryota,d:Excavata,p:Discoba-Euglenozoa,c:Diplonemea,o:Diplonemida,f:Diplonemidae,g:Rhynchopus
Ga0180051|Ga0180051_1115698 E Predicted Eukaryotic  rRNA (383 bp) From domain V4l to V4l on complementary strand	k:Eukaryota(1.0000),d:Amoebozoa(1.0000),p:Evosea-Evosea_X(1.0000),c:Variosea(1.0000),o:Cavosteliida(1.0000),f:Cavosteliida_X(1.0000),g:Tychosporium(1.0000),s:Tychosporium_acutostipes(1.0000)	+	k:Eukaryota,d:Amoebozoa,p:Evosea-Evosea_X,c:Variosea,o:Cavosteliida,f:Cavosteliida_X,g:Tychosporium,s:Tychosporium_acutostipes
Ga0180051|Ga0180051_1115784 E Predicted Eukaryotic  rRNA (390 bp) From domain V4l to V4l on main strand	k:Eukaryota(1.0000),d:TSAR(1.0000),p:Stramenopiles-Bigyra(1.0000),c:Sagenista(1.0000),o:Labyrinthulomycetes(1.0000),f:Thraustochytriaceae(1.0000),g:Thraustochytriaceae_LAB18(1.0000),s:Thraustochytriaceae_LAB18_sp.(1.0000)	+	k:Eukaryota,d:TSAR,p:Stramenopiles-Bigyra,c:Sagenista,o:Labyrinthulomycetes,f:Thraustochytriaceae,g:Thraustochytriaceae_LAB18,s:Thraustochytriaceae_LAB18_sp.
Ga0180051|Ga0180051_1116463 E Predicted Eukaryotic  rRNA (428 bp) From domain V3l to V3r on complementary strand	k:Eukaryota(1.0000),d:TSAR(0.6700),p:Stramenopiles-Gyrista(0.2747),c:Bacillariophyceae(0.0852),o:Bacillariales(0.0221),f:Bacillariaceae(0.0058),g:Fragilariopsis(0.0015),s:Fragilariopsis_kerguelensis(0.0004)	+	k:Eukaryota
Ga0180051|Ga0180051_1117133 E Predicted Eukaryotic  rRNA (593 bp) From domain V1l to V3r on complementary strand	k:Eukaryota(1.0000),d:TSAR(1.0000),p:Stramenopiles-Bigyra(1.0000),c:Sagenista(1.0000),o:Labyrinthulomycetes(1.0000),f:Thraustochytriaceae(1.0000),g:Thraustochytriaceae_LAB18(1.0000),s:Thraustochytriaceae_LAB18_sp.(1.0000)	+	k:Eukaryota,d:TSAR,p:Stramenopiles-Bigyra,c:Sagenista,o:Labyrinthulomycetes,f:Thraustochytriaceae,g:Thraustochytriaceae_LAB18,s:Thraustochytriaceae_LAB18_sp.
Ga0180051|Ga0180051_1128060 E Predicted Eukaryotic  rRNA (495 bp) From domain V1l to V1l on complementary strand	k:Eukaryota(0.9900),d:Amoebozoa(0.7227),p:Evosea-Eumycetozoa(0.5131),c:Myxogastria_Fuscisporidia(0.3643),o:Physarida(0.0801),f:Didymiidae(0.0152),g:Lepidoderma(0.0017),s:Lepidoderma_tigrinum(0.0002)	+	k:Eukaryota
Ga0180051|Ga0180051_1124974 E Predicted Eukaryotic  rRNA (420 bp) From domain V1l to V3l on main strand	k:Eukaryota(1.0000),d:Amoebozoa(0.9500),p:Discosea-Discosea_X(0.9025),c:Centramoebia(0.8574),o:Himatismenida(0.8145),f:Cochliopodiidae(0.7738),g:Cochliopodium(0.7351),s:Cochliopodium_minus(0.2720)	+	k:Eukaryota,d:Amoebozoa,p:Discosea-Discosea_X,c:Centramoebia,o:Himatismenida
Ga0180051|Ga0180051_1128409 E Predicted Eukaryotic  rRNA (247 bp) From domain V4r to V4r on complementary strand	k:Eukaryota(1.0000),d:Obazoa(1.0000),p:Opisthokonta-Metazoa(1.0000),c:Arthropoda(1.0000),o:Crustacea(0.9900),f:Maxillopoda(0.9207),g:Macrocyclops(0.3407),s:Macrocyclops_albidus(0.1260)	+	k:Eukaryota,d:Obazoa,p:Opisthokonta-Metazoa,c:Arthropoda,o:Crustacea,f:Maxillopoda
Ga0180051|Ga0180051_1131863 E Predicted Eukaryotic  rRNA (357 bp) From domain V7l to V8r on main strand	k:Eukaryota(1.0000),d:Haptista(1.0000),p:Centroplasthelida-Centroplasthelida_X(1.0000),c:Pterocystida(1.0000),o:Raphidista(1.0000),f:Raphidiophryidae(1.0000),g:Raphidiophrys(1.0000),s:Raphidiophrys_sp.(1.0000)	+	k:Eukaryota,d:Haptista,p:Centroplasthelida-Centroplasthelida_X,c:Pterocystida,o:Raphidista,f:Raphidiophryidae,g:Raphidiophrys,s:Raphidiophrys_sp.
Ga0180051|Ga0180051_1133561 E Predicted Eukaryotic  rRNA (675 bp) From domain V1l to V4l on complementary strand	k:Eukaryota(1.0000),d:Excavata(0.8400),p:Discoba-Discoba_X(0.7056),c:Heterolobosea(0.5927),o:Tetramitia_I(0.4742),f:Neovahlkampfiidae(0.3793),g:Neovahlkampfia(0.3035),s:Neovahlkampfia_nana(0.1548)	+	k:Eukaryota,d:Excavata
Ga0180051|Ga0180051_1140421 E Predicted Eukaryotic  rRNA (441 bp) From domain V5r to V5r on main strand	k:Eukaryota:mito(0.0900),d:TSAR:mito(0.0054),p:Stramenopiles:mito-Gyrista:mito(0.0003),c:Eustigmatophyceae:mito(0.0000),o:Eustigmatophyceae_X:mito(0.0000),f:Eustigmatophyceae_XX:mito(0.0000),g:Nannochloropsis:mito(0.0000),s:Nannochloropsis_oceanica:mito(0.0000)	+	
Ga0180051|Ga0180051_1141671 E Predicted Eukaryotic  rRNA (499 bp) From domain V4r to V4r on main strand	k:Eukaryota(1.0000),d:Excavata(0.9500),p:Discoba-Euglenozoa(0.8930),c:Euglenida(0.8394),o:Petalomonadida(0.7891),f:Eupetalomonads_X(0.7417),g:Eupetalomonads_XX(0.6972),s:Eupetalomonads_XX_sp.(0.6554)	+	k:Eukaryota,d:Excavata,p:Discoba-Euglenozoa,c:Euglenida
Ga0180051|Ga0180051_1145452 E Predicted Eukaryotic  rRNA (500 bp) From domain V4l to V4l on complementary strand	k:Eukaryota(0.9900),d:TSAR(0.3465),p:Stramenopiles-Gyrista(0.0866),c:Bacillariophyceae(0.0199),o:Bacillariales(0.0046),f:Bacillariaceae(0.0011),g:Fragilariopsis(0.0002),s:Fragilariopsis_kerguelensis(0.0001)	+	k:Eukaryota
Ga0180051|Ga0180051_1145606 E Predicted Eukaryotic  rRNA (1175 bp) From domain V5l to V5r on complementary strand	k:Eukaryota(0.9800),d:TSAR(0.6468),p:Rhizaria-Cercozoa(0.3622),c:Endomyxa-Ascetosporea(0.2028),o:Mikrocytida(0.1136),f:Mikrocytiidae(0.0636),g:Mikrocytos(0.0343),s:Mikrocytos_boweri(0.0052)	+	k:Eukaryota
Ga0180051|Ga0180051_1146366 E Predicted Eukaryotic  rRNA (820 bp) From domain V5r to V5r on main strand	k:Eukaryota(0.8800),d:TSAR(0.2904),p:Stramenopiles-Gyrista(0.0523),c:Bacillariophyceae(0.0063),o:Bacillariales(0.0006),f:Bacillariaceae(0.0001),g:Fragilariopsis(0.0000),s:Fragilariopsis_kerguelensis(0.0000)	+	k:Eukaryota
Ga0180051|Ga0180051_1147365 E Predicted Eukaryotic  rRNA (410 bp) From domain V4l to V4r on complementary strand	k:Eukaryota(1.0000),d:Haptista(1.0000),p:Centroplasthelida-Centroplasthelida_X(1.0000),c:Pterocystida(1.0000),o:Raphidista(1.0000),f:Raphidiophryidae(1.0000),g:Raphidiophrys(1.0000),s:Raphidiophrys_sp.(1.0000)	+	k:Eukaryota,d:Haptista,p:Centroplasthelida-Centroplasthelida_X,c:Pterocystida,o:Raphidista,f:Raphidiophryidae,g:Raphidiophrys,s:Raphidiophrys_sp.
Ga0180051|Ga0180051_1148378 E Predicted Eukaryotic  rRNA (448 bp) From domain V1l to V1l on complementary strand	k:Eukaryota(1.0000),d:Excavata(0.6300),p:Discoba-Euglenozoa(0.3906),c:Euglenida(0.2305),o:Euglenida_X(0.0807),f:Peranemidae(0.0242),g:Peranema(0.0073),s:Peranema_trichophorum(0.0022)	+	k:Eukaryota
Ga0180051|Ga0180051_1151013 E Predicted Eukaryotic  rRNA (340 bp) From domain V1l to V2l on main strand	k:Eukaryota(1.0000),d:Amoebozoa(0.9200),p:Discosea-Discosea_X(0.8372),c:Centramoebia(0.7619),o:Himatismenida(0.6933),f:Cochliopodiidae(0.6309),g:Cochliopodium(0.5741),s:Cochliopodium_minus(0.3445)	+	k:Eukaryota,d:Amoebozoa,p:Discosea-Discosea_X
Ga0180051|Ga0180051_1153819 E Predicted Eukaryotic  rRNA (621 bp) From domain V2l to V2r on complementary strand	k:Eukaryota(0.9900),d:TSAR(0.3762),p:Stramenopiles-Gyrista(0.0903),c:Bacillariophyceae(0.0172),o:Bacillariales(0.0026),f:Bacillariaceae(0.0004),g:Fragilariopsis(0.0001),s:Fragilariopsis_kerguelensis(0.0000)	+	k:Eukaryota
Ga0180051|Ga0180051_1154823 E Predicted Eukaryotic  rRNA (1474 bp) From domain V5r to V5r on main strand	k:Eukaryota(0.6200),d:TSAR(0.1798),p:Stramenopiles-Gyrista(0.0162),c:Bacillariophyceae(0.0010),o:Bacillariales(0.0001),f:Bacillariaceae(0.0000),g:Fragilariopsis(0.0000),s:Fragilariopsis_kerguelensis(0.0000)	+	
Ga0180051|Ga0180051_1157257 E Predicted Eukaryotic  rRNA (592 bp) From domain V9l to V9l on complementary strand	k:Eukaryota(1.0000),d:TSAR(0.8500),p:Stramenopiles-Gyrista(0.5355),c:Phaeophyceae(0.1178),o:Phaeophyceae_X(0.0259),f:Phaeophyceae_XX(0.0057),g:Saccharina(0.0012),s:Saccharina_japonica(0.0003)	+	k:Eukaryota,d:TSAR
Ga0180051|Ga0180051_1160107 E Predicted Eukaryotic  rRNA (419 bp) From domain V5r to V5r on main strand	k:Eukaryota(0.7600),d:TSAR(0.2356),p:Stramenopiles-Gyrista(0.0518),c:Bacillariophyceae(0.0083),o:Bacillariales(0.0013),f:Bacillariaceae(0.0002),g:Fragilariopsis(0.0000),s:Fragilariopsis_kerguelensis(0.0000)	+	
Ga0180051|Ga0180051_1169220 E Predicted Eukaryotic  rRNA (400 bp) From domain V4l to V4l on main strand	k:Eukaryota(1.0000),d:Amoebozoa(0.8200),p:Evosea-Evosea_X(0.6396),c:Variosea(0.4925),o:Fractovitellida(0.3792),f:Soliformoviidae(0.2920),g:Soliformovum(0.2248),s:Soliformovum_expulsum(0.1731)	+	k:Eukaryota,d:Amoebozoa
Ga0180051|Ga0180051_1169329 E Predicted Eukaryotic  rRNA (333 bp) From domain V2l to V2l on complementary strand	k:Eukaryota(0.9700),d:TSAR(0.3589),p:Stramenopiles-Gyrista(0.1005),c:Bacillariophyceae(0.0281),o:Bacillariales(0.0079),f:Bacillariaceae(0.0022),g:Fragilariopsis(0.0006),s:Fragilariopsis_kerguelensis(0.0002)	+	k:Eukaryota
Ga0180051|Ga0180051_1171125 E Predicted Eukaryotic  rRNA (557 bp) From domain V1l to V1l on main strand	k:Eukaryota(1.0000),d:Amoebozoa(1.0000),p:Evosea-Eumycetozoa(1.0000),c:Myxogastria_Fuscisporidia(1.0000),o:Echinosteliida(1.0000),f:Echinosteliida_X(1.0000),g:Echinostelium(1.0000),s:Echinostelium_minutum(1.0000)	+	k:Eukaryota,d:Amoebozoa,p:Evosea-Eumycetozoa,c:Myxogastria_Fuscisporidia,o:Echinosteliida,f:Echinosteliida_X,g:Echinostelium,s:Echinostelium_minutum
Ga0180051|Ga0180051_1172178 E Predicted Eukaryotic  rRNA (572 bp) From domain V5r to V5r on main strand	k:Eukaryota:plas(0.3700),d:Archaeplastida:plas(0.0888),p:Chlorophyta:plas-Chlorophyta_X:plas(0.0204),c:Trebouxiophyceae:plas(0.0029),o:Microthamniales:plas(0.0002),f:Microthamniales_X:plas(0.0000),g:Trebouxia:plas(0.0000),s:Trebouxia_aggregata:plas(0.0000)	+	
Ga0180051|Ga0180051_1172695 E Predicted Eukaryotic  rRNA (496 bp) From domain V3l to V3l on complementary strand	k:Eukaryota(1.0000),d:TSAR(0.3100),p:Stramenopiles-Gyrista(0.0372),c:Bacillariophyceae(0.0037),o:Bacillariales(0.0003),f:Bacillariaceae(0.0000),g:Fragilariopsis(0.0000),s:Fragilariopsis_kerguelensis(0.0000)	+	k:Eukaryota
Ga0180051|Ga0180051_1174112 E Predicted Eukaryotic  rRNA (1228 bp) From domain V5r to V5r on complementary strand	k:Eukaryota:mito(0.9800),d:Obazoa:mito(0.9604),p:Opisthokonta:mito-Fungi:mito(0.9412),c:Ascomycota:mito(0.9224),o:Saccharomycotina:mito(0.9039),f:Lipomycetaceae:mito(0.8858),g:Lipomyces:mito(0.8681),s:Lipomyces_lipofer:mito(0.8508)	+	k:Eukaryota:mito,d:Obazoa:mito,p:Opisthokonta:mito-Fungi:mito,c:Ascomycota:mito,o:Saccharomycotina:mito,f:Lipomycetaceae:mito,g:Lipomyces:mito,s:Lipomyces_lipofer:mito
Ga0180051|Ga0180051_1174862 E Predicted Eukaryotic  rRNA (429 bp) From domain V1l to V2l on complementary strand	k:Eukaryota(0.9900),d:TSAR(0.6534),p:Stramenopiles-Gyrista(0.1437),c:Bacillariophyceae(0.0273),o:Bacillariales(0.0049),f:Bacillariaceae(0.0009),g:Fragilariopsis(0.0002),s:Fragilariopsis_kerguelensis(0.0000)	+	k:Eukaryota
Ga0180051|Ga0180051_1178014 E Predicted Eukaryotic  rRNA (1403 bp) From domain V5r to V5r on main strand	k:Eukaryota(0.6500),d:TSAR(0.1950),p:Stramenopiles-Gyrista(0.0449),c:Bacillariophyceae(0.0081),o:Bacillariales(0.0015),f:Bacillariaceae(0.0003),g:Fragilariopsis(0.0000),s:Fragilariopsis_kerguelensis(0.0000)	+	
Ga0180051|Ga0180051_1183974 E Predicted Eukaryotic  rRNA (300 bp) From domain V5r to V5r on main strand	k:Eukaryota:mito(0.6000),d:TSAR:mito(0.2340),p:Alveolata:mito-Ciliophora:mito(0.0913),c:Colpodea:mito(0.0347),o:Colpodea_X:mito(0.0132),f:Colpodida:mito(0.0032),g:Ilsiella:mito(0.0003),s:Ilsiella_palustris:mito(0.0000)	+	
Ga0180051|Ga0180051_1192139 E Predicted Eukaryotic  rRNA (539 bp) From domain V3l to V3l on main strand	k:Eukaryota(0.9900),d:Excavata(0.2277),p:Metamonada-Fornicata(0.0410),c:Fornicata_X(0.0074),o:Diplomonadida(0.0013),f:Hexamitidae(0.0002),g:Giardia(0.0000),s:Giardia_intestinalis(0.0000)	+	k:Eukaryota
Ga0180051|Ga0180051_1181557 E Predicted Eukaryotic  rRNA (899 bp) From domain V1l to V1l on complementary strand	k:Eukaryota(0.9900),d:Excavata(0.3960),p:Metamonada-Fornicata(0.1069),c:Fornicata_X(0.0289),o:Diplomonadida(0.0078),f:Hexamitidae(0.0021),g:Giardia(0.0006),s:Giardia_intestinalis(0.0002)	-	k:Eukaryota
Ga0180051|Ga0180051_1195175 E Predicted Eukaryotic  rRNA (785 bp) From domain V4r to V4r on main strand	k:Eukaryota(1.0000),d:Archaeplastida(0.7800),p:Chlorophyta-Chlorophyta_X(0.4992),c:Ulvophyceae(0.2895),o:Ulvales-relatives(0.1679),f:Ulvales-relatives_X(0.0974),g:Ulva(0.0565),s:Ulva_laetevirens(0.0102)	+	k:Eukaryota
Ga0180051|Ga0180051_1195788 E Predicted Eukaryotic  rRNA (727 bp) From domain V4l to V5l on complementary strand	k:Eukaryota(1.0000),d:Excavata(1.0000),p:Discoba-Euglenozoa(1.0000),c:Euglenida(1.0000),o:Euglenophyceae(1.0000),f:Euglenaceae(1.0000),g:Trachelomonas(1.0000),s:Trachelomonas_intermedia(0.8500)	+	k:Eukaryota,d:Excavata,p:Discoba-Euglenozoa,c:Euglenida,o:Euglenophyceae,f:Euglenaceae,g:Trachelomonas,s:Trachelomonas_intermedia
Ga0180051|Ga0180051_1195404 E Predicted Eukaryotic  rRNA (610 bp) From domain V5r to V5r on complementary strand	k:Eukaryota(0.2900),d:TSAR(0.0493),p:Stramenopiles-Gyrista(0.0044),c:Bacillariophyceae(0.0004),o:Bacillariales(0.0000),f:Bacillariaceae(0.0000),g:Fragilariopsis(0.0000),s:Fragilariopsis_kerguelensis(0.0000)	+	
Ga0180051|Ga0180051_1196488 E Predicted Eukaryotic  rRNA (838 bp) From domain V5r to V5r on main strand	k:Eukaryota(0.5500),d:TSAR(0.1540),p:Stramenopiles-Gyrista(0.0308),c:Bacillariophyceae(0.0059),o:Bacillariales(0.0011),f:Bacillariaceae(0.0002),g:Fragilariopsis(0.0000),s:Fragilariopsis_kerguelensis(0.0000)	+	
Ga0180051|Ga0180051_1198553 E Predicted Eukaryotic  rRNA (130 bp) From domain V1l to V2l on complementary strand	k:Eukaryota(1.0000),d:TSAR(0.8800),p:Stramenopiles-Gyrista(0.4752),c:Peronosporomycetes(0.0523),o:Peronosporomycetes_X(0.0057),f:Olpidophydiales(0.0006),g:Olpidiopsis(0.0001),s:Olpidiopsis_porphyrae(0.0000)	+	k:Eukaryota,d:TSAR
