Ga0453232|Ga0453232_0001148 E Predicted Eukaryotic  rRNA (2041 bp) From domain V5r to V5r on complementary strand	k:Eukaryota:plas(1.0000),d:Cryptista:plas(1.0000),p:Cryptophyta:plas-Cryptophyta_X:plas(1.0000),c:Cryptophyceae:plas(1.0000),o:Cryptomonadales:plas(0.9800),f:Cryptomonadales_X:plas(0.9604),g:Teleaulax:plas(0.7779),s:Teleaulax_sp.:plas(0.3578)	+	k:Eukaryota:plas,d:Cryptista:plas,p:Cryptophyta:plas-Cryptophyta_X:plas,c:Cryptophyceae:plas,o:Cryptomonadales:plas,f:Cryptomonadales_X:plas
Ga0453232|Ga0453232_0002342 E Predicted Eukaryotic  rRNA (2041 bp) From domain V5r to V5r on main strand	k:Bacteria(0.9000),d:FCB(0.7830),p:Bacteroidetes-Bacteroidetes_X(0.6812),c:Bacteroidia(0.5927),o:Cytophagales(0.1185),f:Cyclobacteriaceae(0.0154),g:Marinoscillum(0.0009),s:Marinoscillum_sp.(0.0001)	+	k:Bacteria
Ga0453232|Ga0453232_0001257 E Predicted Eukaryotic  rRNA (2041 bp) From domain V5r to V5r on complementary strand	k:Eukaryota:plas(0.7700),d:Archaeplastida:plas(0.5313),p:Chlorophyta:plas-Chlorophyta_X:plas(0.3560),c:Chlorophyceae:plas(0.1780),o:Chlamydomonadales:plas(0.0854),f:Chlamydomonadales_X:plas(0.0410),g:Dunaliella:plas(0.0086),s:Dunaliella_salina:plas(0.0017)	+	
Ga0453232|Ga0453232_0000550 E Predicted Eukaryotic  rRNA (2041 bp) From domain V5r to V5r on main strand	k:Eukaryota:plas(1.0000),d:TSAR:plas(1.0000),p:Stramenopiles:plas-Gyrista:plas(1.0000),c:Mediophyceae:plas(0.8900),o:Thalassiosirales:plas(0.5340),f:Thalassiosiraceae:plas(0.2777),g:Thalassiosira:plas(0.1388),s:Thalassiosira_pseudonana:plas(0.0417)	+	k:Eukaryota:plas,d:TSAR:plas,p:Stramenopiles:plas-Gyrista:plas,c:Mediophyceae:plas
Ga0453232|Ga0453232_0002463 E Predicted Eukaryotic  rRNA (2041 bp) From domain V5r to V5r on main strand	k:Bacteria(1.0000),d:PANNAM(1.0000),p:Proteobacteria-Proteobacteria_X(1.0000),c:Gammaproteobacteria(1.0000),o:Betaproteobacteriales(1.0000),f:Methylophilaceae(0.9700),g:Candidatus_Methylopumilus(0.9021),s:Candidatus_Methylopumilus_sp.(0.8390)	+	k:Bacteria,d:PANNAM,p:Proteobacteria-Proteobacteria_X,c:Gammaproteobacteria,o:Betaproteobacteriales,f:Methylophilaceae,g:Candidatus_Methylopumilus,s:Candidatus_Methylopumilus_sp.
Ga0453232|Ga0453232_0002468 E Predicted Eukaryotic  rRNA (2039 bp) From domain V5r to V5r on main strand	k:Eukaryota(0.5900),d:TSAR(0.1711),p:Stramenopiles-Gyrista(0.0274),c:Bacillariophyceae(0.0038),o:Bacillariales(0.0005),f:Bacillariaceae(0.0001),g:Fragilariopsis(0.0000),s:Fragilariopsis_kerguelensis(0.0000)	+	
Ga0453232|Ga0453232_0002588 E Predicted Eukaryotic  rRNA (2041 bp) From domain V5r to V5r on main strand	k:Bacteria(0.9800),d:FCB(0.9506),p:Bacteroidetes-Bacteroidetes_X(0.9221),c:Bacteroidia(0.8944),o:Flavobacteriales(0.4830),f:NS9_marine_group(0.0580),g:NS9_marine_group_X(0.0070),s:NS9_marine_group_X_sp.(0.0008)	+	k:Bacteria,d:FCB,p:Bacteroidetes-Bacteroidetes_X,c:Bacteroidia
Ga0453232|Ga0453232_0003413 E Predicted Eukaryotic  rRNA (1741 bp) From domain V1l to V9r on complementary strand	k:Eukaryota(1.0000),d:Obazoa(1.0000),p:Opisthokonta-Metazoa(1.0000),c:Rotifera(1.0000),o:Rotifera_X(1.0000),f:Rotifera_XX(1.0000),g:Ptygura(0.4200),s:Ptygura_libera(0.1008)	+	k:Eukaryota,d:Obazoa,p:Opisthokonta-Metazoa,c:Rotifera,o:Rotifera_X,f:Rotifera_XX
Ga0453232|Ga0453232_0003649 E Predicted Eukaryotic  rRNA (7202 bp) From domain V5l to V4l on complementary strand	k:Eukaryota(0.9900),d:TSAR(0.6435),p:Stramenopiles-Gyrista(0.3217),c:Bacillariophyceae(0.1512),o:Bacillariales(0.0650),f:Bacillariaceae(0.0280),g:Fragilariopsis(0.0120),s:Fragilariopsis_kerguelensis(0.0052)	+	k:Eukaryota
Ga0453232|Ga0453232_0004141 E Predicted Eukaryotic  rRNA (2041 bp) From domain V5r to V5r on complementary strand	k:Bacteria(1.0000),d:PANNAM(1.0000),p:Proteobacteria-Proteobacteria_X(1.0000),c:Alphaproteobacteria(1.0000),o:Sphingomonadales(1.0000),f:Sphingomonadaceae(1.0000),g:Sphingorhabdus(0.8700),s:Sphingorhabdus_sp.(0.7569)	+	k:Bacteria,d:PANNAM,p:Proteobacteria-Proteobacteria_X,c:Alphaproteobacteria,o:Sphingomonadales,f:Sphingomonadaceae,g:Sphingorhabdus
Ga0453232|Ga0453232_0004010 E Predicted Eukaryotic  rRNA (2661 bp) From domain V1l to V9l on main strand	k:Eukaryota(1.0000),d:Obazoa(1.0000),p:Opisthokonta-Metazoa(1.0000),c:Arthropoda(1.0000),o:Crustacea(1.0000),f:Maxillopoda(0.8300),g:Cyclops(0.5893),s:Cyclops_sp.(0.3654)	+	k:Eukaryota,d:Obazoa,p:Opisthokonta-Metazoa,c:Arthropoda,o:Crustacea,f:Maxillopoda
Ga0453232|Ga0453232_0004420 E Predicted Eukaryotic  rRNA (2449 bp) From domain V1l to V8l on main strand	k:Eukaryota(1.0000),d:TSAR(1.0000),p:Alveolata-Ciliophora(1.0000),c:Spirotrichea(1.0000),o:Choreotrichida(0.5800),f:Strobilidiidae(0.3306),g:Strobilidiidae_X(0.1884),s:Strobilidiidae_X_sp.(0.1074)	+	k:Eukaryota,d:TSAR,p:Alveolata-Ciliophora,c:Spirotrichea
Ga0453232|Ga0453232_0004488 E Predicted Eukaryotic  rRNA (2636 bp) From domain V1l to V9l on main strand	k:Eukaryota(1.0000),d:Archaeplastida(1.0000),p:Chlorophyta-Chlorophyta_X(1.0000),c:Chlorophyceae(0.9800),o:Chlamydomonadales(0.9016),f:Chlamydomonadales_X(0.8295),g:Tetracystis(0.3401),s:Tetracystis_pampae(0.1088)	+	k:Eukaryota,d:Archaeplastida,p:Chlorophyta-Chlorophyta_X,c:Chlorophyceae,o:Chlamydomonadales,f:Chlamydomonadales_X
Ga0453232|Ga0453232_0005063 E Predicted Eukaryotic  rRNA (2041 bp) From domain V5r to V5r on main strand	k:Bacteria(0.9900),d:Terrabacteria(0.9405),p:Actinobacteria-Actinobacteria_X(0.8653),c:Actinobacteria_XX(0.7787),o:Frankiales(0.2803),f:Sporichthyaceae(0.0589),g:hgcI_clade(0.0112),s:hgcI_clade_sp.(0.0021)	+	k:Bacteria,d:Terrabacteria,p:Actinobacteria-Actinobacteria_X
Ga0453232|Ga0453232_0004845 E Predicted Eukaryotic  rRNA (2622 bp) From domain V1l to V9l on main strand	k:Eukaryota(1.0000),d:Cryptista(0.9400),p:Kathablepharidacea-Kathablepharida(0.8836),c:Kathablepharidea(0.8306),o:Kathablepharidida(0.7807),f:Kathablepharidida_X(0.7339),g:Kathablepharidida_XX(0.6899),s:Kathablepharidida_XX_sp.(0.6485)	+	k:Eukaryota,d:Cryptista,p:Kathablepharidacea-Kathablepharida,c:Kathablepharidea
Ga0453232|Ga0453232_0005364 E Predicted Eukaryotic  rRNA (2041 bp) From domain V5r to V5r on complementary strand	k:Bacteria(0.9800),d:PVC(0.9212),p:Verrucomicrobia-Verrucomicrobia_X(0.8659),c:Verrucomicrobiae(0.8140),o:Verrucomicrobiales(0.5128),f:Verrucomicrobiaceae(0.1641),g:Verrucomicrobiaceae_X(0.0525),s:Verrucomicrobiaceae_X_sp.(0.0168)	+	k:Bacteria,d:PVC,p:Verrucomicrobia-Verrucomicrobia_X,c:Verrucomicrobiae
Ga0453232|Ga0453232_0005303 E Predicted Eukaryotic  rRNA (2041 bp) From domain V5r to V5r on complementary strand	k:Bacteria(1.0000),d:PANNAM(1.0000),p:Proteobacteria-Proteobacteria_X(1.0000),c:Gammaproteobacteria(1.0000),o:Betaproteobacteriales(0.9600),f:Burkholderiaceae(0.4512),g:Limnobacter(0.0632),s:Limnobacter_sp.(0.0088)	+	k:Bacteria,d:PANNAM,p:Proteobacteria-Proteobacteria_X,c:Gammaproteobacteria,o:Betaproteobacteriales
Ga0453232|Ga0453232_0005271 E Predicted Eukaryotic  rRNA (1430 bp) From domain V5r to V5r on complementary strand	k:Eukaryota:plas(1.0000),d:Haptista:plas(1.0000),p:Haptophyta:plas-Haptophyta_X:plas(1.0000),c:Prymnesiophyceae:plas(1.0000),o:Prymnesiales:plas(0.8200),f:Chrysochromulinaceae:plas(0.6724),g:Chrysochromulina:plas(0.5446),s:Chrysochromulina_sp.:plas(0.2669)	+	k:Eukaryota:plas,d:Haptista:plas,p:Haptophyta:plas-Haptophyta_X:plas,c:Prymnesiophyceae:plas,o:Prymnesiales:plas
Ga0453232|Ga0453232_0005399 E Predicted Eukaryotic  rRNA (2041 bp) From domain V5r to V5r on complementary strand	k:Bacteria(0.9500),d:FCB(0.8550),p:Bacteroidetes-Bacteroidetes_X(0.7695),c:Bacteroidia(0.6925),o:Sphingobacteriales(0.1939),f:Lentimicrobiaceae(0.0194),g:Lentimicrobiaceae_X(0.0016),s:Lentimicrobiaceae_X_sp.(0.0001)	+	k:Bacteria,d:FCB
Ga0453232|Ga0453232_0005439 E Predicted Eukaryotic  rRNA (2041 bp) From domain V5r to V5r on main strand	k:Bacteria(0.8300),d:PVC(0.5561),p:Planctomycetes-Planctomycetes_X(0.3726),c:Phycisphaerae(0.2422),o:Phycisphaerales(0.1356),f:Phycisphaeraceae(0.0759),g:Algisphaera(0.0205),s:Algisphaera_sp.(0.0055)	+	k:Bacteria
Ga0453232|Ga0453232_0005838 E Predicted Eukaryotic  rRNA (2041 bp) From domain V5r to V5r on main strand	k:Bacteria(0.8600),d:Terrabacteria(0.4214),p:Actinobacteria-Actinobacteria_X(0.1011),c:Acidimicrobiia(0.0051),o:Actinomarinales(0.0003),f:Actinomarinaceae(0.0000),g:Candidatus_Actinomarina(0.0000),s:Candidatus_Actinomarina_sp.(0.0000)	+	k:Bacteria
Ga0453232|Ga0453232_0005498 E Predicted Eukaryotic  rRNA (2041 bp) From domain V5r to V5r on main strand	k:Bacteria(1.0000),d:PANNAM(1.0000),p:Proteobacteria-Proteobacteria_X(1.0000),c:Alphaproteobacteria(0.9800),o:Sphingomonadales(0.9310),f:Sphingomonadaceae(0.8844),g:Sphingomonas(0.5218),s:Sphingomonas_sp.(0.3079)	+	k:Bacteria,d:PANNAM,p:Proteobacteria-Proteobacteria_X,c:Alphaproteobacteria,o:Sphingomonadales,f:Sphingomonadaceae
Ga0453232|Ga0453232_0005880 E Predicted Eukaryotic  rRNA (1112 bp) From domain V9l to V9l on main strand	k:Eukaryota(1.0000),d:TSAR(0.9900),p:Alveolata-Dinoflagellata(0.9405),c:Dinophyceae(0.8935),o:Peridiniales(0.5897),f:Amphidomataceae(0.1415),g:Azadinium(0.0340),s:Azadinium_spinosum(0.0071)	+	k:Eukaryota,d:TSAR,p:Alveolata-Dinoflagellata,c:Dinophyceae
Ga0453232|Ga0453232_0006217 E Predicted Eukaryotic  rRNA (1844 bp) From domain V5r to V5r on complementary strand	k:Eukaryota(0.5000),d:TSAR(0.1850),p:Stramenopiles-Gyrista(0.0333),c:Bacillariophyceae(0.0050),o:Bacillariales(0.0006),f:Bacillariaceae(0.0001),g:Fragilariopsis(0.0000),s:Fragilariopsis_kerguelensis(0.0000)	+	
Ga0453232|Ga0453232_0006435 E Predicted Eukaryotic  rRNA (2041 bp) From domain V5r to V5r on main strand	k:Bacteria(0.9900),d:FCB(0.9603),p:Bacteroidetes-Bacteroidetes_X(0.9315),c:Bacteroidia(0.9035),o:Flavobacteriales(0.5873),f:Cryomorphaceae(0.0822),g:Phaeocystidibacter(0.0099),s:Phaeocystidibacter_sp.(0.0012)	+	k:Bacteria,d:FCB,p:Bacteroidetes-Bacteroidetes_X,c:Bacteroidia
Ga0453232|Ga0453232_0007163 E Predicted Eukaryotic  rRNA (1789 bp) From domain V5r to V5r on complementary strand	k:Bacteria(1.0000),d:PVC(1.0000),p:Planctomycetes-Planctomycetes_X(1.0000),c:Planctomycetacia(1.0000),o:Planctomycetales(0.9300),f:Schlesneriaceae(0.7254),g:Planctopirus(0.5658),s:Planctopirus_sp.(0.4413)	+	k:Bacteria,d:PVC,p:Planctomycetes-Planctomycetes_X,c:Planctomycetacia,o:Planctomycetales
Ga0453232|Ga0453232_0007814 E Predicted Eukaryotic  rRNA (1442 bp) From domain V5r to V5r on main strand	k:Bacteria(0.9900),d:PVC(0.9405),p:Verrucomicrobia-Verrucomicrobia_X(0.8935),c:Verrucomicrobiae(0.8488),o:Pedosphaerales(0.7130),f:Pedosphaeraceae(0.5989),g:Pedosphaeraceae_X(0.3414),s:Pedosphaeraceae_X_sp.(0.1946)	+	k:Bacteria,d:PVC,p:Verrucomicrobia-Verrucomicrobia_X,c:Verrucomicrobiae
Ga0453232|Ga0453232_0008430 E Predicted Eukaryotic  rRNA (2041 bp) From domain V5r to V5r on complementary strand	k:Bacteria(0.6700),d:CCD(0.2144),p:Patescibacteria-Patescibacteria_X(0.0686),c:Saccharimonadia(0.0213),o:Saccharimonadales(0.0066),f:Saccharimonadales_X(0.0020),g:Saccharimonadales_XX(0.0006),s:Saccharimonadales_XX_sp.(0.0002)	+	
Ga0453232|Ga0453232_0008177 E Predicted Eukaryotic  rRNA (1229 bp) From domain V5r to V5r on complementary strand	k:Bacteria(1.0000),d:Terrabacteria(1.0000),p:Actinobacteria-Actinobacteria_X(1.0000),c:Acidimicrobiia(1.0000),o:Microtrichales(1.0000),f:Ilumatobacteraceae(1.0000),g:CL50029_marine_group(1.0000),s:CL50029_marine_group_sp.(1.0000)	+	k:Bacteria,d:Terrabacteria,p:Actinobacteria-Actinobacteria_X,c:Acidimicrobiia,o:Microtrichales,f:Ilumatobacteraceae,g:CL50029_marine_group,s:CL50029_marine_group_sp.
Ga0453232|Ga0453232_0008505 E Predicted Eukaryotic  rRNA (1587 bp) From domain V5r to V9l on main strand	k:Eukaryota(1.0000),d:TSAR(0.7600),p:Stramenopiles-Bigyra(0.3116),c:Opalozoa(0.1278),o:Nanomonadea(0.0370),f:MAST-3(0.0107),g:MAST-3J(0.0029),s:MAST-3J_sp.(0.0008)	+	k:Eukaryota
Ga0453232|Ga0453232_0008680 E Predicted Eukaryotic  rRNA (1096 bp) From domain V9l to V9l on complementary strand	k:Eukaryota(1.0000),d:Archaeplastida(0.9600),p:Chlorophyta-Chlorophyta_X(0.9120),c:Chlorophyceae(0.7022),o:Chlamydomonadales(0.3792),f:Chlamydomonadales_X(0.1972),g:Tetracystis(0.0256),s:Tetracystis_pampae(0.0028)	+	k:Eukaryota,d:Archaeplastida,p:Chlorophyta-Chlorophyta_X
Ga0453232|Ga0453232_0009205 E Predicted Eukaryotic  rRNA (2586 bp) From domain V2l to V9l on complementary strand	k:Eukaryota(1.0000),d:TSAR(1.0000),p:Alveolata-Dinoflagellata(1.0000),c:Dinophyceae(1.0000),o:Peridiniales(0.8500),f:Thoracosphaeraceae(0.5100),g:Thoracosphaeraceae_X(0.1887),s:Thoracosphaeraceae_X_sp.(0.0698)	+	k:Eukaryota,d:TSAR,p:Alveolata-Dinoflagellata,c:Dinophyceae,o:Peridiniales
Ga0453232|Ga0453232_0010510 E Predicted Eukaryotic  rRNA (1629 bp) From domain V5r to V5r on main strand	k:Bacteria(0.9900),d:FCB(0.9801),p:Bacteroidetes-Bacteroidetes_X(0.9703),c:Bacteroidia(0.9606),o:Chitinophagales(0.9510),f:Chitinophagaceae(0.9415),g:Chitinophagaceae_X(0.2919),s:Chitinophagaceae_X_sp.(0.0905)	+	k:Bacteria,d:FCB,p:Bacteroidetes-Bacteroidetes_X,c:Bacteroidia,o:Chitinophagales,f:Chitinophagaceae
Ga0453232|Ga0453232_0010380 E Predicted Eukaryotic  rRNA (2374 bp) From domain V3l to V9l on main strand	k:Eukaryota(1.0000),d:TSAR(1.0000),p:Alveolata-Dinoflagellata(1.0000),c:Dinophyceae(1.0000),o:Gymnodiniales(0.2000),f:Kareniaceae(0.0360),g:Karlodinium(0.0047),s:Karlodinium_veneficum(0.0006)	+	k:Eukaryota,d:TSAR,p:Alveolata-Dinoflagellata,c:Dinophyceae
Ga0453232|Ga0453232_0011447 E Predicted Eukaryotic  rRNA (2041 bp) From domain V5r to V5r on complementary strand	k:Bacteria(0.9800),d:FCB(0.9506),p:Bacteroidetes-Bacteroidetes_X(0.9221),c:Bacteroidia(0.8944),o:Sphingobacteriales(0.7603),f:NS1112_marine_group(0.6006),g:NS1112_marine_group_X(0.4745),s:NS1112_marine_group_X_sp.(0.3748)	+	k:Bacteria,d:FCB,p:Bacteroidetes-Bacteroidetes_X,c:Bacteroidia
Ga0453232|Ga0453232_0012196 E Predicted Eukaryotic  rRNA (1729 bp) From domain V5r to V5r on main strand	k:Bacteria(0.9600),d:FCB(0.9216),p:Bacteroidetes-Bacteroidetes_X(0.8847),c:Bacteroidia(0.8493),o:Sphingobacteriales(0.7219),f:Sphingobacteriaceae(0.5342),g:Solitalea(0.1336),s:Solitalea_sp.(0.0334)	+	k:Bacteria,d:FCB,p:Bacteroidetes-Bacteroidetes_X,c:Bacteroidia
Ga0453232|Ga0453232_0012774 E Predicted Eukaryotic  rRNA (2026 bp) From domain V5r to V5r on complementary strand	k:Bacteria(0.8800),d:FCB(0.5984),p:Bacteroidetes-Bacteroidetes_X(0.4009),c:Bacteroidia(0.2686),o:Chitinophagales(0.1397),f:Saprospiraceae(0.0503),g:Lewinella(0.0101),s:Lewinella_sp.(0.0020)	+	k:Bacteria
Ga0453232|Ga0453232_0014082 E Predicted Eukaryotic  rRNA (2658 bp) From domain V1l to V9l on complementary strand	k:Eukaryota(1.0000),d:Obazoa(1.0000),p:Opisthokonta-Metazoa(1.0000),c:Arthropoda(1.0000),o:Crustacea(1.0000),f:Maxillopoda(1.0000),g:Maxillopoda_X(0.1700),s:Maxillopoda_X_sp.(0.0289)	+	k:Eukaryota,d:Obazoa,p:Opisthokonta-Metazoa,c:Arthropoda,o:Crustacea,f:Maxillopoda
Ga0453232|Ga0453232_0011790 E Predicted Eukaryotic  rRNA (2627 bp) From domain V1l to V9l on main strand	k:Eukaryota(1.0000),d:TSAR(1.0000),p:Alveolata-Ciliophora(1.0000),c:Spirotrichea(1.0000),o:Oligotrichida(0.8400),f:Oligotrichida_X(0.2940),g:Oligotrichida_XX(0.1029),s:Oligotrichida_XX_sp.(0.0360)	+	k:Eukaryota,d:TSAR,p:Alveolata-Ciliophora,c:Spirotrichea,o:Oligotrichida
Ga0453232|Ga0453232_0019310 E Predicted Eukaryotic  rRNA (2041 bp) From domain V5r to V5r on complementary strand	k:Bacteria(0.9800),d:Terrabacteria(0.9506),p:Actinobacteria-Actinobacteria_X(0.9126),c:Acidimicrobiia(0.8213),o:Microtrichales(0.7228),f:Ilumatobacteraceae(0.5782),g:CL50029_marine_group(0.3816),s:CL50029_marine_group_sp.(0.2519)	+	k:Bacteria,d:Terrabacteria,p:Actinobacteria-Actinobacteria_X,c:Acidimicrobiia
Ga0453232|Ga0453232_0019133 E Predicted Eukaryotic  rRNA (2358 bp) From domain V3l to V9l on main strand	k:Eukaryota(1.0000),d:Cryptista(0.9900),p:Cryptophyta-Cryptophyta_X(0.9801),c:Cryptophyceae(0.9703),o:Cryptomonadales(0.5337),f:Cryptomonadales_X(0.2935),g:Cryptomonadales_XX(0.1233),s:Cryptomonadales_XX_sp.(0.0518)	+	k:Eukaryota,d:Cryptista,p:Cryptophyta-Cryptophyta_X,c:Cryptophyceae
Ga0453232|Ga0453232_0015560 E Predicted Eukaryotic  rRNA (177 bp) From domain V1l to V2l on complementary strand	k:Eukaryota:nucl(0.8900),d:Cryptista:nucl(0.7921),p:Cryptophyta:nucl-Cryptophyta_X:nucl(0.7050),c:Cryptophyceae:nucl(0.6274),o:Cryptomonadales:nucl(0.5584),f:Cryptomonadales_X:nucl(0.4970),g:Geminigera:nucl(0.4373),s:Geminigera_cryophila:nucl(0.3849)	+	k:Eukaryota:nucl
Ga0453232|Ga0453232_0015780 E Predicted Eukaryotic  rRNA (1858 bp) From domain V1l to V9l on complementary strand	k:Eukaryota(1.0000),d:TSAR(1.0000),p:Stramenopiles-Gyrista(1.0000),c:Mediophyceae(1.0000),o:Thalassiosirales(1.0000),f:Stephanodiscaceae(0.8900),g:Stephanodiscus(0.7476),s:Stephanodiscus_hantzschii(0.5682)	+	k:Eukaryota,d:TSAR,p:Stramenopiles-Gyrista,c:Mediophyceae,o:Thalassiosirales,f:Stephanodiscaceae
Ga0453232|Ga0453232_0019823 E Predicted Eukaryotic  rRNA (2041 bp) From domain V5r to V5r on main strand	k:Bacteria(1.0000),d:PVC(1.0000),p:Verrucomicrobia-Verrucomicrobia_X(1.0000),c:Verrucomicrobiae(1.0000),o:Verrucomicrobiales(1.0000),f:Rubritaleaceae(1.0000),g:Luteolibacter(1.0000),s:Luteolibacter_sp.(1.0000)	+	k:Bacteria,d:PVC,p:Verrucomicrobia-Verrucomicrobia_X,c:Verrucomicrobiae,o:Verrucomicrobiales,f:Rubritaleaceae,g:Luteolibacter,s:Luteolibacter_sp.
Ga0453232|Ga0453232_0022399 E Predicted Eukaryotic  rRNA (2041 bp) From domain V5r to V5r on main strand	k:Bacteria(1.0000),d:PANNAM(1.0000),p:Proteobacteria-Proteobacteria_X(1.0000),c:Gammaproteobacteria(1.0000),o:Pseudomonadales(1.0000),f:Pseudomonadaceae(1.0000),g:Pseudomonas(1.0000),s:Pseudomonas_sp.(1.0000)	+	k:Bacteria,d:PANNAM,p:Proteobacteria-Proteobacteria_X,c:Gammaproteobacteria,o:Pseudomonadales,f:Pseudomonadaceae,g:Pseudomonas,s:Pseudomonas_sp.
Ga0453232|Ga0453232_0023486 E Predicted Eukaryotic  rRNA (1704 bp) From domain V5r to V5r on main strand	k:Eukaryota:plas(0.8000),d:Archaeplastida:plas(0.6160),p:Chlorophyta:plas-Chlorophyta_X:plas(0.4250),c:Chlorophyceae:plas(0.2125),o:Chlamydomonadales:plas(0.1063),f:Chlamydomonadales_X:plas(0.0521),g:Chlorosarcina:plas(0.0062),s:Chlorosarcina_stigmatica:plas(0.0007)	+	k:Eukaryota:plas
Ga0453232|Ga0453232_0024011 E Predicted Eukaryotic  rRNA (1564 bp) From domain V5r to V5r on complementary strand	k:Bacteria(0.9900),d:Terrabacteria(0.9702),p:Actinobacteria-Actinobacteria_X(0.9508),c:Acidimicrobiia(0.8177),o:Microtrichales(0.6214),f:Microtrichales_X(0.1989),g:Microtrichales_XX(0.0636),s:Microtrichales_XX_sp.(0.0204)	+	k:Bacteria,d:Terrabacteria,p:Actinobacteria-Actinobacteria_X,c:Acidimicrobiia
Ga0453232|Ga0453232_0029620 E Predicted Eukaryotic  rRNA (399 bp) From domain V1l to V2l on complementary strand	k:Eukaryota(1.0000),d:TSAR(1.0000),p:Alveolata-Dinoflagellata(0.9900),c:Dinophyceae(0.9405),o:Dinophyceae_X(0.4044),f:Dinophyceae_XX(0.1739),g:Dinophyceae_XXX(0.0748),s:Dinophyceae_XXX_sp.(0.0322)	+	k:Eukaryota,d:TSAR,p:Alveolata-Dinoflagellata,c:Dinophyceae
Ga0453232|Ga0453232_0029627 E Predicted Eukaryotic  rRNA (1833 bp) From domain V5r to V5r on complementary strand	k:Bacteria(0.9700),d:PVC(0.9215),p:Planctomycetes-Planctomycetes_X(0.8754),c:Planctomycetacia(0.8229),o:Gemmatales(0.5843),f:Gemmataceae(0.4148),g:Gemmataceae_X(0.2282),s:Gemmataceae_X_sp.(0.1255)	+	k:Bacteria,d:PVC,p:Planctomycetes-Planctomycetes_X,c:Planctomycetacia
Ga0453232|Ga0453232_0025772 E Predicted Eukaryotic  rRNA (302 bp) From domain V1l to V2r on main strand	k:Eukaryota(1.0000),d:Archaeplastida(1.0000),p:Chlorophyta-Chlorophyta_X(1.0000),c:Chlorophyceae(1.0000),o:Chlamydomonadales(1.0000),f:Chlamydomonadales_X(1.0000),g:Chloromonas(0.5600),s:Chloromonas_subdivisa(0.3136)	+	k:Eukaryota,d:Archaeplastida,p:Chlorophyta-Chlorophyta_X,c:Chlorophyceae,o:Chlamydomonadales,f:Chlamydomonadales_X
Ga0453232|Ga0453232_0029684 E Predicted Eukaryotic  rRNA (2041 bp) From domain V5r to V5r on complementary strand	k:Bacteria(1.0000),d:CCD(1.0000),p:Chloroflexi-Chloroflexi_X(1.0000),c:Chloroflexia(1.0000),o:Chloroflexales(1.0000),f:Roseiflexaceae(1.0000),g:Roseiflexaceae_X(1.0000),s:Roseiflexaceae_X_sp.(1.0000)	+	k:Bacteria,d:CCD,p:Chloroflexi-Chloroflexi_X,c:Chloroflexia,o:Chloroflexales,f:Roseiflexaceae,g:Roseiflexaceae_X,s:Roseiflexaceae_X_sp.
Ga0453232|Ga0453232_0031455 E Predicted Eukaryotic  rRNA (1566 bp) From domain V5r to V9l on main strand	k:Eukaryota(1.0000),d:Cryptista(0.7700),p:Cryptophyta-Cryptophyta_X(0.5929),c:Cryptophyceae(0.4565),o:Cryptomonadales(0.3378),f:Cryptomonadales_X(0.2500),g:Cryptomonas(0.1625),s:Cryptomonas_sp.(0.0682)	+	k:Eukaryota
Ga0453232|Ga0453232_0033225 E Predicted Eukaryotic  rRNA (1694 bp) From domain V5r to V5r on main strand	k:Bacteria(1.0000),d:FCB(1.0000),p:Bacteroidetes-Bacteroidetes_X(1.0000),c:Bacteroidia(1.0000),o:Chitinophagales(1.0000),f:Chitinophagaceae(1.0000),g:Sediminibacterium(0.9800),s:Sediminibacterium_sp.(0.9604)	+	k:Bacteria,d:FCB,p:Bacteroidetes-Bacteroidetes_X,c:Bacteroidia,o:Chitinophagales,f:Chitinophagaceae,g:Sediminibacterium,s:Sediminibacterium_sp.
Ga0453232|Ga0453232_0032768 E Predicted Eukaryotic  rRNA (1368 bp) From domain V7l to V9l on main strand	k:Eukaryota(1.0000),d:TSAR(0.8600),p:Alveolata-Ciliophora(0.6794),c:Spirotrichea(0.5095),o:Choreotrichida-Tintinnina(0.2242),f:Tintinnidae(0.0650),g:Amphorellopsis(0.0189),s:Amphorellopsis_quinquealata(0.0055)	+	k:Eukaryota,d:TSAR
Ga0453232|Ga0453232_0034111 E Predicted Eukaryotic  rRNA (2081 bp) From domain V1l to V9l on complementary strand	k:Eukaryota(1.0000),d:Haptista(1.0000),p:Haptophyta-Haptophyta_X(1.0000),c:Prymnesiophyceae(1.0000),o:Prymnesiales(1.0000),f:Chrysochromulinaceae(0.9700),g:Chrysochromulina(0.9409),s:Chrysochromulina_parva(0.5175)	+	k:Eukaryota,d:Haptista,p:Haptophyta-Haptophyta_X,c:Prymnesiophyceae,o:Prymnesiales,f:Chrysochromulinaceae,g:Chrysochromulina
Ga0453232|Ga0453232_0035429 E Predicted Eukaryotic  rRNA (2041 bp) From domain V5r to V5r on main strand	k:Bacteria(0.8900),d:PVC(0.4984),p:Planctomycetes-Planctomycetes_X(0.2741),c:Phycisphaerae(0.1371),o:Phycisphaerales(0.0603),f:Phycisphaeraceae(0.0265),g:Algisphaera(0.0042),s:Algisphaera_sp.(0.0007)	+	k:Bacteria
Ga0453232|Ga0453232_0036402 E Predicted Eukaryotic  rRNA (2041 bp) From domain V5r to V5r on main strand	k:Bacteria(0.9600),d:PVC(0.8352),p:Planctomycetes-Planctomycetes_X(0.7183),c:Planctomycetacia(0.6177),o:Isosphaerales(0.4571),f:Isosphaeraceae(0.3383),g:Singulisphaera(0.0879),s:Singulisphaera_sp.(0.0229)	+	k:Bacteria,d:PVC
Ga0453232|Ga0453232_0035242 E Predicted Eukaryotic  rRNA (1679 bp) From domain V1l to V9l on complementary strand	k:Eukaryota(1.0000),d:TSAR(1.0000),p:Alveolata-Ciliophora(1.0000),c:Oligohymenophorea(1.0000),o:Peritrichia_2(1.0000),f:Sessilida(0.9500),g:Sessilida_X(0.5700),s:Sessilida_X_sp.(0.3420)	+	k:Eukaryota,d:TSAR,p:Alveolata-Ciliophora,c:Oligohymenophorea,o:Peritrichia_2,f:Sessilida
Ga0453232|Ga0453232_0037837 E Predicted Eukaryotic  rRNA (1909 bp) From domain V5r to V5r on complementary strand	k:Bacteria(1.0000),d:PVC(1.0000),p:Verrucomicrobia-Verrucomicrobia_X(1.0000),c:Verrucomicrobiae(1.0000),o:Verrucomicrobiales(1.0000),f:Rubritaleaceae(0.9700),g:Luteolibacter(0.9409),s:Luteolibacter_sp.(0.9127)	+	k:Bacteria,d:PVC,p:Verrucomicrobia-Verrucomicrobia_X,c:Verrucomicrobiae,o:Verrucomicrobiales,f:Rubritaleaceae,g:Luteolibacter,s:Luteolibacter_sp.
Ga0453232|Ga0453232_0041968 E Predicted Eukaryotic  rRNA (1913 bp) From domain V5r to V5r on main strand	k:Bacteria(0.9500),d:Terrabacteria(0.8170),p:Actinobacteria-Actinobacteria_X(0.6127),c:Thermoleophilia(0.1900),o:Gaiellales(0.0513),f:Gaiellales_X(0.0092),g:Gaiellales_XX(0.0017),s:Gaiellales_XX_sp.(0.0003)	+	k:Bacteria,d:Terrabacteria
Ga0453232|Ga0453232_0038577 E Predicted Eukaryotic  rRNA (960 bp) From domain V1l to V4r on main strand	k:Eukaryota(1.0000),d:TSAR(1.0000),p:Alveolata-Ciliophora(1.0000),c:Spirotrichea(1.0000),o:Oligotrichida(1.0000),f:Pelagostrombidiidae(0.9200),g:Pelagostrombidiidae_X(0.7820),s:Pelagostrombidiidae_X_sp.(0.6647)	+	k:Eukaryota,d:TSAR,p:Alveolata-Ciliophora,c:Spirotrichea,o:Oligotrichida,f:Pelagostrombidiidae
Ga0453232|Ga0453232_0038920 E Predicted Eukaryotic  rRNA (787 bp) From domain V1l to V4r on main strand	k:Eukaryota(1.0000),d:TSAR(1.0000),p:Rhizaria-Cercozoa(1.0000),c:Filosa-Thecofilosea(1.0000),o:Cryomonadida(0.9700),f:Cryothecomonas-lineage(0.8536),g:Cryothecomonas(0.7426),s:Cryothecomonas_aestivalis(0.4604)	+	k:Eukaryota,d:TSAR,p:Rhizaria-Cercozoa,c:Filosa-Thecofilosea,o:Cryomonadida,f:Cryothecomonas-lineage
Ga0453232|Ga0453232_0048906 E Predicted Eukaryotic  rRNA (1070 bp) From domain V5r to V5r on complementary strand	k:Bacteria(0.9600),d:FCB(0.9216),p:Bacteroidetes-Bacteroidetes_X(0.8847),c:Bacteroidia(0.8493),o:Flavobacteriales(0.8069),f:Crocinitomicaceae(0.7262),g:Fluviicola(0.3849),s:Fluviicola_sp.(0.2040)	+	k:Bacteria,d:FCB,p:Bacteroidetes-Bacteroidetes_X,c:Bacteroidia,o:Flavobacteriales
Ga0453232|Ga0453232_0050193 E Predicted Eukaryotic  rRNA (1822 bp) From domain V5r to V5r on complementary strand	k:Eukaryota(0.5400),d:TSAR(0.2052),p:Stramenopiles-Gyrista(0.0451),c:Bacillariophyceae(0.0090),o:Bacillariales(0.0016),f:Bacillariaceae(0.0003),g:Fragilariopsis(0.0001),s:Fragilariopsis_kerguelensis(0.0000)	+	
Ga0453232|Ga0453232_0051414 E Predicted Eukaryotic  rRNA (1814 bp) From domain V5r to V5r on complementary strand	k:Bacteria(0.8900),d:FCB(0.7120),p:Bacteroidetes-Bacteroidetes_X(0.5696),c:Bacteroidia(0.4386),o:Flavobacteriales(0.2105),f:Crocinitomicaceae(0.0379),g:Fluviicola(0.0034),s:Fluviicola_sp.(0.0003)	+	k:Bacteria
Ga0453232|Ga0453232_0049803 E Predicted Eukaryotic  rRNA (1756 bp) From domain V5r to V5r on complementary strand	k:Bacteria(1.0000),d:PANNAM(1.0000),p:Proteobacteria-Proteobacteria_X(1.0000),c:Alphaproteobacteria(0.9900),o:Caulobacterales(0.8613),f:Caulobacteraceae(0.7493),g:Caulobacter(0.4346),s:Caulobacter_sp.(0.2521)	+	k:Bacteria,d:PANNAM,p:Proteobacteria-Proteobacteria_X,c:Alphaproteobacteria,o:Caulobacterales
Ga0453232|Ga0453232_0047374 E Predicted Eukaryotic  rRNA (1186 bp) From domain V1l to V5r on main strand	k:Eukaryota(1.0000),d:Cryptista(1.0000),p:Cryptophyta-Cryptophyta_X(1.0000),c:Cryptophyceae(1.0000),o:Cryptophyceae_X(1.0000),f:Basal_Cryptophyceae-1(0.9000),g:Basal_Cryptophyceae-1_X(0.8100),s:Basal_Cryptophyceae-1_X_sp.(0.7290)	+	k:Eukaryota,d:Cryptista,p:Cryptophyta-Cryptophyta_X,c:Cryptophyceae,o:Cryptophyceae_X,f:Basal_Cryptophyceae-1,g:Basal_Cryptophyceae-1_X
Ga0453232|Ga0453232_0051595 E Predicted Eukaryotic  rRNA (1594 bp) From domain V5r to V5r on main strand	k:Bacteria(1.0000),d:PANNAM(1.0000),p:Proteobacteria-Proteobacteria_X(1.0000),c:Gammaproteobacteria(1.0000),o:Betaproteobacteriales(1.0000),f:Burkholderiaceae(0.9700),g:GKS98_freshwater_group(0.3977),s:GKS98_freshwater_group_sp.(0.1631)	+	k:Bacteria,d:PANNAM,p:Proteobacteria-Proteobacteria_X,c:Gammaproteobacteria,o:Betaproteobacteriales,f:Burkholderiaceae
Ga0453232|Ga0453232_0053529 E Predicted Eukaryotic  rRNA (1438 bp) From domain V7l to V9l on main strand	k:Eukaryota(1.0000),d:TSAR(0.8000),p:Stramenopiles-Gyrista(0.5840),c:Bacillariophyceae(0.1460),o:Bacillariales(0.0307),f:Bacillariaceae(0.0064),g:Fragilariopsis(0.0014),s:Fragilariopsis_kerguelensis(0.0003)	+	k:Eukaryota,d:TSAR
Ga0453232|Ga0453232_0070236 E Predicted Eukaryotic  rRNA (1101 bp) From domain V4l to V4l on main strand	k:Eukaryota(0.8400),d:TSAR(0.3024),p:Stramenopiles-Gyrista(0.0696),c:Bacillariophyceae(0.0132),o:Bacillariales(0.0021),f:Bacillariaceae(0.0003),g:Fragilariopsis(0.0001),s:Fragilariopsis_kerguelensis(0.0000)	-	k:Eukaryota
Ga0453232|Ga0453232_0057683 E Predicted Eukaryotic  rRNA (1186 bp) From domain V1l to V5r on complementary strand	k:Eukaryota(1.0000),d:TSAR(1.0000),p:Stramenopiles-Bigyra(1.0000),c:Opalozoa(1.0000),o:Nanomonadea(1.0000),f:MAST-3(1.0000),g:MAST-3J(0.9200),s:MAST-3J_sp.(0.8464)	+	k:Eukaryota,d:TSAR,p:Stramenopiles-Bigyra,c:Opalozoa,o:Nanomonadea,f:MAST-3,g:MAST-3J,s:MAST-3J_sp.
Ga0453232|Ga0453232_0058219 E Predicted Eukaryotic  rRNA (99 bp) From domain V1l to V2l on main strand	k:Eukaryota(1.0000),d:Archaeplastida(0.9800),p:Chlorophyta-Chlorophyta_X(0.9604),c:Chlorophyceae(0.6915),o:Sphaeropleales(0.2420),f:Sphaeropleales_X(0.0799),g:Scenedesmus(0.0104),s:Scenedesmus_sp.(0.0008)	+	k:Eukaryota,d:Archaeplastida,p:Chlorophyta-Chlorophyta_X
Ga0453232|Ga0453232_0072622 E Predicted Eukaryotic  rRNA (1553 bp) From domain V5r to V5r on main strand	k:Bacteria(0.9700),d:PVC(0.6887),p:Verrucomicrobia-Verrucomicrobia_X(0.4890),c:Verrucomicrobiae(0.3472),o:Pedosphaerales(0.0660),f:Pedosphaeraceae(0.0125),g:Pedosphaeraceae_X(0.0018),s:Pedosphaeraceae_X_sp.(0.0002)	+	k:Bacteria
Ga0453232|Ga0453232_0068850 E Predicted Eukaryotic  rRNA (193 bp) From domain V9l to V9r on main strand	k:Eukaryota(1.0000),d:Obazoa(0.9900),p:Opisthokonta-Fungi(0.9702),c:Chytridiomycota(0.5142),o:Rhizophydiales(0.1131),f:Rhizophydiales_X(0.0226),g:Rhizophydiales_XX(0.0045),s:Rhizophydiales_XX_sp.(0.0009)	+	k:Eukaryota,d:Obazoa,p:Opisthokonta-Fungi
Ga0453232|Ga0453232_0081029 E Predicted Eukaryotic  rRNA (1624 bp) From domain V1l to V1l on main strand	k:Eukaryota(0.9200),d:TSAR(0.4232),p:Stramenopiles-Gyrista(0.1185),c:Bacillariophyceae(0.0308),o:Bacillariales(0.0068),f:Bacillariaceae(0.0015),g:Fragilariopsis(0.0003),s:Fragilariopsis_kerguelensis(0.0001)	+	k:Eukaryota
Ga0453232|Ga0453232_0079766 E Predicted Eukaryotic  rRNA (388 bp) From domain V1l to V3l on main strand	k:Eukaryota(1.0000),d:Cryptista(1.0000),p:Cryptophyta-Cryptophyta_X(1.0000),c:Cryptophyceae(1.0000),o:Cryptomonadales(1.0000),f:Cryptomonadales_X(1.0000),g:Cryptomonas(0.9600),s:Cryptomonas_sp.(0.6720)	+	k:Eukaryota,d:Cryptista,p:Cryptophyta-Cryptophyta_X,c:Cryptophyceae,o:Cryptomonadales,f:Cryptomonadales_X,g:Cryptomonas
Ga0453232|Ga0453232_0085642 E Predicted Eukaryotic  rRNA (1535 bp) From domain V5r to V5r on complementary strand	k:Bacteria(1.0000),d:FCB(1.0000),p:Gemmatimonadetes-Gemmatimonadetes_X(1.0000),c:Gemmatimonadetes_XX(1.0000),o:Gemmatimonadales(1.0000),f:Gemmatimonadaceae(1.0000),g:Gemmatimonas(0.9900),s:Gemmatimonas_sp.(0.9801)	+	k:Bacteria,d:FCB,p:Gemmatimonadetes-Gemmatimonadetes_X,c:Gemmatimonadetes_XX,o:Gemmatimonadales,f:Gemmatimonadaceae,g:Gemmatimonas,s:Gemmatimonas_sp.
Ga0453232|Ga0453232_0080673 E Predicted Eukaryotic  rRNA (1161 bp) From domain V1l to V5r on main strand	k:Eukaryota(1.0000),d:TSAR(1.0000),p:Stramenopiles-Gyrista(1.0000),c:Dictyochophyceae(1.0000),o:Dictyochophyceae_X(1.0000),f:Pedinellales(1.0000),g:Pedinellales_X(0.9500),s:Pedinellales_X_sp.(0.9025)	+	k:Eukaryota,d:TSAR,p:Stramenopiles-Gyrista,c:Dictyochophyceae,o:Dictyochophyceae_X,f:Pedinellales,g:Pedinellales_X,s:Pedinellales_X_sp.
Ga0453232|Ga0453232_0083290 E Predicted Eukaryotic  rRNA (246 bp) From domain V1l to V2l on complementary strand	k:Eukaryota(1.0000),d:Obazoa(0.9400),p:Opisthokonta-Fungi(0.8648),c:Chytridiomycota(0.7005),o:Rhizophydiales(0.3572),f:Rhizophydiales_X(0.1786),g:Rhizophydiales_XX(0.0893),s:Rhizophydiales_XX_sp.(0.0447)	+	k:Eukaryota,d:Obazoa,p:Opisthokonta-Fungi
Ga0453232|Ga0453232_0088157 E Predicted Eukaryotic  rRNA (1278 bp) From domain V5r to V5r on complementary strand	k:Bacteria(1.0000),d:PANNAM(1.0000),p:Proteobacteria-Proteobacteria_X(1.0000),c:Alphaproteobacteria(1.0000),o:Rhodobacterales(0.9900),f:Rhodobacteraceae(0.9801),g:Rhodobacter(0.5293),s:Rhodobacter_sp.(0.2858)	+	k:Bacteria,d:PANNAM,p:Proteobacteria-Proteobacteria_X,c:Alphaproteobacteria,o:Rhodobacterales,f:Rhodobacteraceae
Ga0453232|Ga0453232_0087052 E Predicted Eukaryotic  rRNA (1521 bp) From domain V5r to V5r on complementary strand	k:Bacteria(1.0000),d:Terrabacteria(1.0000),p:Actinobacteria-Actinobacteria_X(1.0000),c:Actinobacteria_XX(1.0000),o:Frankiales(1.0000),f:Sporichthyaceae(1.0000),g:hgcI_clade(0.7100),s:hgcI_clade_sp.(0.5041)	+	k:Bacteria,d:Terrabacteria,p:Actinobacteria-Actinobacteria_X,c:Actinobacteria_XX,o:Frankiales,f:Sporichthyaceae
Ga0453232|Ga0453232_0093059 E Predicted Eukaryotic  rRNA (1046 bp) From domain V5r to V5r on main strand	k:Bacteria(0.9900),d:FCB(0.9801),p:Bacteroidetes-Bacteroidetes_X(0.9703),c:Bacteroidia(0.9606),o:Flavobacteriales(0.9510),f:Crocinitomicaceae(0.9320),g:Fluviicola(0.5312),s:Fluviicola_sp.(0.3028)	+	k:Bacteria,d:FCB,p:Bacteroidetes-Bacteroidetes_X,c:Bacteroidia,o:Flavobacteriales,f:Crocinitomicaceae
Ga0453232|Ga0453232_0093757 E Predicted Eukaryotic  rRNA (1514 bp) From domain V5r to V5r on main strand	k:Bacteria(1.0000),d:CMS(1.0000),p:Cyanobacteria-Cyanobacteria_X(1.0000),c:Cyanophyceae(1.0000),o:Nostocales(1.0000),f:Nostocaceae(1.0000),g:Dolichospermum_NIES41(0.4800),s:Dolichospermum_NIES41_sp.(0.2304)	+	k:Bacteria,d:CMS,p:Cyanobacteria-Cyanobacteria_X,c:Cyanophyceae,o:Nostocales,f:Nostocaceae
Ga0453232|Ga0453232_0091675 E Predicted Eukaryotic  rRNA (181 bp) From domain V1l to V2l on main strand	k:Eukaryota(1.0000),d:TSAR(1.0000),p:Stramenopiles-Gyrista(1.0000),c:Peronosporomycetes(1.0000),o:Peronosporomycetes_X(1.0000),f:Peronosporales(0.9000),g:Lagenidium(0.7560),s:Lagenidium_callinectes(0.4687)	+	k:Eukaryota,d:TSAR,p:Stramenopiles-Gyrista,c:Peronosporomycetes,o:Peronosporomycetes_X,f:Peronosporales
Ga0453232|Ga0453232_0101212 E Predicted Eukaryotic  rRNA (1456 bp) From domain V5r to V5r on complementary strand	k:Bacteria(1.0000),d:Terrabacteria(0.9900),p:Actinobacteria-Actinobacteria_X(0.9801),c:Acidimicrobiia(0.9507),o:Microtrichales(0.9222),f:Ilumatobacteraceae(0.8576),g:Ilumatobacteraceae_X(0.4288),s:Ilumatobacteraceae_X_sp.(0.2144)	+	k:Bacteria,d:Terrabacteria,p:Actinobacteria-Actinobacteria_X,c:Acidimicrobiia,o:Microtrichales,f:Ilumatobacteraceae
Ga0453232|Ga0453232_0103360 E Predicted Eukaryotic  rRNA (1441 bp) From domain V5r to V5r on main strand	k:Eukaryota(0.3000),d:TSAR(0.0510),p:Stramenopiles-Gyrista(0.0056),c:Bacillariophyceae(0.0003),o:Bacillariales(0.0000),f:Bacillariaceae(0.0000),g:Fragilariopsis(0.0000),s:Fragilariopsis_kerguelensis(0.0000)	+	
Ga0453232|Ga0453232_0096782 E Predicted Eukaryotic  rRNA (390 bp) From domain V1l to V3l on main strand	k:Eukaryota(1.0000),d:Cryptista(1.0000),p:Cryptophyta-Cryptophyta_X(1.0000),c:Cryptophyceae(1.0000),o:Cryptomonadales(1.0000),f:Cryptomonadales_X(1.0000),g:Cryptomonadales_XX(0.8000),s:Cryptomonadales_XX_sp.(0.6400)	+	k:Eukaryota,d:Cryptista,p:Cryptophyta-Cryptophyta_X,c:Cryptophyceae,o:Cryptomonadales,f:Cryptomonadales_X,g:Cryptomonadales_XX
Ga0453232|Ga0453232_0108357 E Predicted Eukaryotic  rRNA (1357 bp) From domain V5r to V5r on main strand	k:Bacteria(1.0000),d:PANNAM(1.0000),p:Proteobacteria-Proteobacteria_X(1.0000),c:Gammaproteobacteria(1.0000),o:Betaproteobacteriales(1.0000),f:Burkholderiaceae(0.9800),g:Polynucleobacter(0.8330),s:Polynucleobacter_sp.(0.7080)	+	k:Bacteria,d:PANNAM,p:Proteobacteria-Proteobacteria_X,c:Gammaproteobacteria,o:Betaproteobacteriales,f:Burkholderiaceae,g:Polynucleobacter
Ga0453232|Ga0453232_0111977 E Predicted Eukaryotic  rRNA (397 bp) From domain V1l to V2l on complementary strand	k:Eukaryota(1.0000),d:TSAR(1.0000),p:Alveolata-Dinoflagellata(1.0000),c:Dinophyceae(0.9800),o:Dinophyceae_X(0.5096),f:Dinophyceae_XX(0.2650),g:Dinophyceae_XXX(0.1378),s:Dinophyceae_XXX_sp.(0.0717)	+	k:Eukaryota,d:TSAR,p:Alveolata-Dinoflagellata,c:Dinophyceae
Ga0453232|Ga0453232_0112552 E Predicted Eukaryotic  rRNA (624 bp) From domain V1l to V4l on main strand	k:Eukaryota(1.0000),d:TSAR(1.0000),p:Alveolata-Ciliophora(1.0000),c:Phyllopharyngea(1.0000),o:Suctoria(1.0000),f:PHYLL_2(1.0000),g:PHYLL_2_X(1.0000),s:PHYLL_2_X_sp.(1.0000)	+	k:Eukaryota,d:TSAR,p:Alveolata-Ciliophora,c:Phyllopharyngea,o:Suctoria,f:PHYLL_2,g:PHYLL_2_X,s:PHYLL_2_X_sp.
Ga0453232|Ga0453232_0117889 E Predicted Eukaryotic  rRNA (1255 bp) From domain V5r to V5r on complementary strand	k:Bacteria(1.0000),d:PANNAM(1.0000),p:Proteobacteria-Proteobacteria_X(1.0000),c:Alphaproteobacteria(0.9700),o:SAR11_clade(0.9021),f:Clade_III(0.4962),g:Clade_III_X(0.2729),s:Clade_III_X_sp.(0.1501)	+	k:Bacteria,d:PANNAM,p:Proteobacteria-Proteobacteria_X,c:Alphaproteobacteria,o:SAR11_clade
Ga0453232|Ga0453232_0116337 E Predicted Eukaryotic  rRNA (1168 bp) From domain V1l to V5r on main strand	k:Eukaryota(1.0000),d:TSAR(1.0000),p:Stramenopiles-Gyrista(0.7600),c:Gyrista_X(0.5776),o:Gyrista_XX(0.4390),f:MAST-2(0.3336),g:MAST-2A(0.2002),s:MAST-2A_sp.(0.1201)	+	k:Eukaryota,d:TSAR
Ga0453232|Ga0453232_0118640 E Predicted Eukaryotic  rRNA (1345 bp) From domain V5r to V5r on main strand	k:Bacteria(0.9900),d:PVC(0.9801),p:Verrucomicrobia-Verrucomicrobia_X(0.9703),c:Verrucomicrobiae(0.9606),o:Chthoniobacterales(0.8165),f:Chthoniobacteraceae(0.4001),g:Candidatus_Udaeobacter(0.1120),s:Candidatus_Udaeobacter_sp.(0.0314)	+	k:Bacteria,d:PVC,p:Verrucomicrobia-Verrucomicrobia_X,c:Verrucomicrobiae,o:Chthoniobacterales
Ga0453232|Ga0453232_0114426 E Predicted Eukaryotic  rRNA (1254 bp) From domain V1l to V5r on complementary strand	k:Eukaryota(1.0000),d:Obazoa(1.0000),p:Opisthokonta-Fungi(1.0000),c:Chytridiomycota(0.9600),o:Spizellomycetales(0.8352),f:Spizellomycetales_X(0.6431),g:Spizellomycetales_XX(0.4952),s:Spizellomycetales_XX_sp.(0.3813)	+	k:Eukaryota,d:Obazoa,p:Opisthokonta-Fungi,c:Chytridiomycota,o:Spizellomycetales
Ga0453232|Ga0453232_0119625 E Predicted Eukaryotic  rRNA (1339 bp) From domain V5r to V5r on complementary strand	k:Bacteria(1.0000),d:FCB(1.0000),p:Bacteroidetes-Bacteroidetes_X(1.0000),c:Bacteroidia(1.0000),o:Cytophagales(1.0000),f:Cyclobacteriaceae(1.0000),g:Algoriphagus(1.0000),s:Algoriphagus_sp.(1.0000)	+	k:Bacteria,d:FCB,p:Bacteroidetes-Bacteroidetes_X,c:Bacteroidia,o:Cytophagales,f:Cyclobacteriaceae,g:Algoriphagus,s:Algoriphagus_sp.
Ga0453232|Ga0453232_0128615 E Predicted Eukaryotic  rRNA (1292 bp) From domain V5r to V5r on complementary strand	k:Bacteria(0.9400),d:PVC(0.8460),p:Planctomycetes-Planctomycetes_X(0.7360),c:Planctomycetacia(0.6330),o:Pirellulales(0.4684),f:Pirellulaceae(0.3466),g:Blastopirellula(0.1179),s:Blastopirellula_sp.(0.0401)	+	k:Bacteria,d:PVC
Ga0453232|Ga0453232_0138385 E Predicted Eukaryotic  rRNA (1067 bp) From domain V1l to V1l on complementary strand	k:Eukaryota(1.0000),d:Archaeplastida(0.3800),p:Rhodophyta-Rhodophyta_X(0.0532),c:Rhodellophyceae(0.0053),o:Rhodellales(0.0005),f:Rhodellales_X(0.0001),g:Rhodella(0.0000),s:Rhodella_violacea(0.0000)	+	k:Eukaryota
Ga0453232|Ga0453232_0160578 E Predicted Eukaryotic  rRNA (1080 bp) From domain V3r to V4l on main strand	k:Eukaryota(0.9900),d:TSAR(0.3465),p:Stramenopiles-Gyrista(0.0658),c:Bacillariophyceae(0.0099),o:Bacillariales(0.0011),f:Bacillariaceae(0.0001),g:Fragilariopsis(0.0000),s:Fragilariopsis_kerguelensis(0.0000)	+	k:Eukaryota
Ga0453232|Ga0453232_0143269 E Predicted Eukaryotic  rRNA (1224 bp) From domain V5r to V5r on main strand	k:Bacteria(1.0000),d:Terrabacteria(1.0000),p:Actinobacteria-Actinobacteria_X(1.0000),c:Acidimicrobiia(1.0000),o:Microtrichales(1.0000),f:Ilumatobacteraceae(1.0000),g:CL50029_marine_group(0.9900),s:CL50029_marine_group_sp.(0.9801)	+	k:Bacteria,d:Terrabacteria,p:Actinobacteria-Actinobacteria_X,c:Acidimicrobiia,o:Microtrichales,f:Ilumatobacteraceae,g:CL50029_marine_group,s:CL50029_marine_group_sp.
Ga0453232|Ga0453232_0170860 E Predicted Eukaryotic  rRNA (1120 bp) From domain V5r to V5r on main strand	k:Eukaryota:mito(0.1100),d:TSAR:mito(0.0077),p:Stramenopiles:mito-Gyrista:mito(0.0005),c:Eustigmatophyceae:mito(0.0000),o:Eustigmatophyceae_X:mito(0.0000),f:Eustigmatophyceae_XX:mito(0.0000),g:Nannochloropsis:mito(0.0000),s:Nannochloropsis_oceanica:mito(0.0000)	+	
Ga0453232|Ga0453232_0177113 E Predicted Eukaryotic  rRNA (231 bp) From domain V1l to V2l on complementary strand	k:Eukaryota(1.0000),d:Obazoa(1.0000),p:Opisthokonta-Fungi(1.0000),c:Chytridiomycota(0.9200),o:Chytridiales(0.2668),f:Chytridiales_X(0.0774),g:Chytridiales_XX(0.0224),s:Chytridiales_XX_sp.(0.0065)	+	k:Eukaryota,d:Obazoa,p:Opisthokonta-Fungi,c:Chytridiomycota
Ga0453232|Ga0453232_0178875 E Predicted Eukaryotic  rRNA (1093 bp) From domain V7l to V9l on main strand	k:Eukaryota(1.0000),d:TSAR(0.9100),p:Alveolata-Chrompodellids(0.2184),c:Colpodellidea(0.0524),o:Colpodellida(0.0126),f:Alphamonaceae(0.0030),g:Alphamonas(0.0007),s:Alphamonas_sp.(0.0002)	+	k:Eukaryota,d:TSAR
Ga0453232|Ga0453232_0186708 E Predicted Eukaryotic  rRNA (1069 bp) From domain V5r to V5r on main strand	k:Bacteria(1.0000),d:FCB(1.0000),p:Bacteroidetes-Bacteroidetes_X(1.0000),c:Bacteroidia(1.0000),o:Cytophagales(1.0000),f:Spirosomaceae(1.0000),g:Pseudarcicella(1.0000),s:Pseudarcicella_sp.(1.0000)	+	k:Bacteria,d:FCB,p:Bacteroidetes-Bacteroidetes_X,c:Bacteroidia,o:Cytophagales,f:Spirosomaceae,g:Pseudarcicella,s:Pseudarcicella_sp.
Ga0453232|Ga0453232_0186118 E Predicted Eukaryotic  rRNA (93 bp) From domain V1l to V2l on complementary strand	k:Eukaryota(1.0000),d:Cryptista(1.0000),p:Cryptophyta-Cryptophyta_X(1.0000),c:Cryptophyceae(1.0000),o:Cryptomonadales(1.0000),f:Cryptomonadales_X(0.9300),g:Cryptomonas(0.7161),s:Cryptomonas_sp.(0.2936)	+	k:Eukaryota,d:Cryptista,p:Cryptophyta-Cryptophyta_X,c:Cryptophyceae,o:Cryptomonadales,f:Cryptomonadales_X
Ga0453232|Ga0453232_0189347 E Predicted Eukaryotic  rRNA (1061 bp) From domain V5r to V5r on complementary strand	k:Bacteria(1.0000),d:FCB(1.0000),p:Bacteroidetes-Bacteroidetes_X(1.0000),c:Bacteroidia(1.0000),o:Flavobacteriales(0.9900),f:Crocinitomicaceae(0.9702),g:Fluviicola(0.9314),s:Fluviicola_sp.(0.8941)	+	k:Bacteria,d:FCB,p:Bacteroidetes-Bacteroidetes_X,c:Bacteroidia,o:Flavobacteriales,f:Crocinitomicaceae,g:Fluviicola,s:Fluviicola_sp.
Ga0453232|Ga0453232_0182854 E Predicted Eukaryotic  rRNA (669 bp) From domain V5r to V9r on complementary strand	k:Eukaryota(1.0000),d:TSAR(1.0000),p:Rhizaria-Cercozoa(0.9600),c:Filosa-Thecofilosea(0.9216),o:Cryomonadida(0.8847),f:Cryothecomonas-lineage(0.8493),g:Cryothecomonas(0.7984),s:Cryothecomonas_aestivalis(0.5908)	+	k:Eukaryota,d:TSAR,p:Rhizaria-Cercozoa,c:Filosa-Thecofilosea,o:Cryomonadida,f:Cryothecomonas-lineage
Ga0453232|Ga0453232_0189672 E Predicted Eukaryotic  rRNA (1060 bp) From domain V5r to V5r on main strand	k:Eukaryota:plas(0.3800),d:Archaeplastida:plas(0.1444),p:Chlorophyta:plas-Chlorophyta_X:plas(0.0549),c:Chlorophyceae:plas(0.0209),o:Chlamydomonadales:plas(0.0079),f:Chlamydomonadales_X:plas(0.0030),g:Haematococcus:plas(0.0011),s:Haematococcus_lacustris:plas(0.0004)	+	
Ga0453232|Ga0453232_0196745 E Predicted Eukaryotic  rRNA (1040 bp) From domain V1l to V1l on complementary strand	k:Eukaryota(0.9800),d:TSAR(0.1568),p:Stramenopiles-Gyrista(0.0125),c:Bacillariophyceae(0.0008),o:Bacillariales(0.0000),f:Bacillariaceae(0.0000),g:Fragilariopsis(0.0000),s:Fragilariopsis_kerguelensis(0.0000)	+	k:Eukaryota
Ga0453232|Ga0453232_0195287 E Predicted Eukaryotic  rRNA (1044 bp) From domain V7l to V9l on main strand	k:Eukaryota(1.0000),d:TSAR(0.9400),p:Alveolata-Perkinsea(0.4230),c:Perkinsida(0.1819),o:Perkinsida_X(0.0782),f:Perkinsida_XX(0.0336),g:Perkinsida_XXX(0.0145),s:Perkinsida_XXX_sp.(0.0062)	+	k:Eukaryota,d:TSAR
Ga0453232|Ga0453232_0204652 E Predicted Eukaryotic  rRNA (1019 bp) From domain V5r to V5r on complementary strand	k:Bacteria(1.0000),d:Terrabacteria(0.9600),p:Actinobacteria-Actinobacteria_X(0.9120),c:Thermoleophilia(0.7934),o:Solirubrobacterales(0.6665),f:Solirubrobacteraceae(0.5599),g:Solirubrobacter(0.4703),s:Solirubrobacter_sp.(0.3950)	+	k:Bacteria,d:Terrabacteria,p:Actinobacteria-Actinobacteria_X
Ga0453232|Ga0453232_0212475 E Predicted Eukaryotic  rRNA (999 bp) From domain V1l to V1l on main strand	k:Eukaryota(0.9200),d:TSAR(0.3772),p:Stramenopiles-Gyrista(0.1132),c:Bacillariophyceae(0.0306),o:Bacillariales(0.0076),f:Bacillariaceae(0.0019),g:Fragilariopsis(0.0005),s:Fragilariopsis_kerguelensis(0.0001)	+	k:Eukaryota
Ga0453232|Ga0453232_0199670 E Predicted Eukaryotic  rRNA (1032 bp) From domain V2l to V5l on main strand	k:Eukaryota:nucl(0.7900),d:Cryptista:nucl(0.6241),p:Cryptophyta:nucl-Cryptophyta_X:nucl(0.4930),c:Cryptophyceae:nucl(0.3895),o:Cryptomonadales:nucl(0.3077),f:Cryptomonadales_X:nucl(0.2431),g:Plagioselmis:nucl(0.1920),s:Plagioselmis_lacustris:nucl(0.1517)	+	
Ga0453232|Ga0453232_0225530 E Predicted Eukaryotic  rRNA (968 bp) From domain V5r to V5r on complementary strand	k:Bacteria(1.0000),d:FCB(1.0000),p:Bacteroidetes-Bacteroidetes_X(1.0000),c:Bacteroidia(1.0000),o:Flavobacteriales(1.0000),f:Crocinitomicaceae(1.0000),g:Fluviicola(0.8000),s:Fluviicola_sp.(0.6400)	+	k:Bacteria,d:FCB,p:Bacteroidetes-Bacteroidetes_X,c:Bacteroidia,o:Flavobacteriales,f:Crocinitomicaceae,g:Fluviicola
Ga0453232|Ga0453232_0204498 E Predicted Eukaryotic  rRNA (1019 bp) From domain V3l to V5r on complementary strand	k:Eukaryota(1.0000),d:TSAR(1.0000),p:Stramenopiles-Gyrista(1.0000),c:Peronosporomycetes(0.9900),o:Peronosporomycetes_X(0.9801),f:Peronosporomycetes_XX(0.2842),g:Chlamydomyzium(0.0654),s:Chlamydomyzium_sp.(0.0150)	+	k:Eukaryota,d:TSAR,p:Stramenopiles-Gyrista,c:Peronosporomycetes,o:Peronosporomycetes_X
Ga0453232|Ga0453232_0227763 E Predicted Eukaryotic  rRNA (963 bp) From domain V1l to V1l on complementary strand	k:Eukaryota(0.9800),d:TSAR(0.3920),p:Stramenopiles-Gyrista(0.0666),c:Bacillariophyceae(0.0113),o:Bacillariales(0.0019),f:Bacillariaceae(0.0003),g:Fragilariopsis(0.0001),s:Fragilariopsis_kerguelensis(0.0000)	+	k:Eukaryota
Ga0453232|Ga0453232_0237047 E Predicted Eukaryotic  rRNA (943 bp) From domain V5r to V5r on complementary strand	k:Bacteria(1.0000),d:PANNAM(1.0000),p:Proteobacteria-Proteobacteria_X(1.0000),c:Gammaproteobacteria(1.0000),o:Methylococcales(0.9900),f:Methylomonaceae(0.9801),g:Methylobacter(0.5097),s:Methylobacter_sp.(0.2650)	+	k:Bacteria,d:PANNAM,p:Proteobacteria-Proteobacteria_X,c:Gammaproteobacteria,o:Methylococcales,f:Methylomonaceae
Ga0453232|Ga0453232_0251657 E Predicted Eukaryotic  rRNA (914 bp) From domain V2r to V2r on complementary strand	k:Eukaryota(0.9500),d:TSAR(0.3230),p:Stramenopiles-Gyrista(0.0646),c:Bacillariophyceae(0.0129),o:Bacillariales(0.0026),f:Bacillariaceae(0.0005),g:Fragilariopsis(0.0001),s:Fragilariopsis_kerguelensis(0.0000)	+	k:Eukaryota
Ga0453232|Ga0453232_0250849 E Predicted Eukaryotic  rRNA (915 bp) From domain V5r to V5r on complementary strand	k:Bacteria(1.0000),d:FCB(1.0000),p:Bacteroidetes-Bacteroidetes_X(1.0000),c:Bacteroidia(1.0000),o:Flavobacteriales(1.0000),f:Flavobacteriaceae(1.0000),g:Flavobacterium(1.0000),s:Flavobacterium_sp.(1.0000)	+	k:Bacteria,d:FCB,p:Bacteroidetes-Bacteroidetes_X,c:Bacteroidia,o:Flavobacteriales,f:Flavobacteriaceae,g:Flavobacterium,s:Flavobacterium_sp.
Ga0453232|Ga0453232_0231799 E Predicted Eukaryotic  rRNA (954 bp) From domain V5r to V5r on complementary strand	k:Bacteria(0.9900),d:FCB(0.9801),p:Bacteroidetes-Bacteroidetes_X(0.9703),c:Bacteroidia(0.9509),o:Chitinophagales(0.8938),f:Saprospiraceae(0.7776),g:Lewinella(0.4588),s:Lewinella_sp.(0.2707)	+	k:Bacteria,d:FCB,p:Bacteroidetes-Bacteroidetes_X,c:Bacteroidia,o:Chitinophagales
Ga0453232|Ga0453232_0268924 E Predicted Eukaryotic  rRNA (881 bp) From domain V3l to V3l on main strand	k:Eukaryota(1.0000),d:Excavata(0.1500),p:Metamonada-Fornicata(0.0120),c:Fornicata_X(0.0010),o:Diplomonadida(0.0001),f:Hexamitidae(0.0000),g:Giardia(0.0000),s:Giardia_intestinalis(0.0000)	+	k:Eukaryota
Ga0453232|Ga0453232_0256582 E Predicted Eukaryotic  rRNA (904 bp) From domain V5l to V8r on main strand	k:Eukaryota(1.0000),d:TSAR(0.9700),p:Alveolata-Ciliophora(0.9312),c:Phyllopharyngea(0.8753),o:Suctoria(0.8141),f:PHYLL_2(0.3989),g:PHYLL_2_X(0.1955),s:PHYLL_2_X_sp.(0.0958)	+	k:Eukaryota,d:TSAR,p:Alveolata-Ciliophora,c:Phyllopharyngea,o:Suctoria
Ga0453232|Ga0453232_0273492 E Predicted Eukaryotic  rRNA (873 bp) From domain V5r to V5r on complementary strand	k:Bacteria(1.0000),d:Terrabacteria(1.0000),p:Actinobacteria-Actinobacteria_X(1.0000),c:Actinobacteria_XX(1.0000),o:Micrococcales(0.9800),f:Microbacteriaceae(0.9506),g:Rhodoluna(0.6084),s:Rhodoluna_sp.(0.3894)	+	k:Bacteria,d:Terrabacteria,p:Actinobacteria-Actinobacteria_X,c:Actinobacteria_XX,o:Micrococcales,f:Microbacteriaceae
Ga0453232|Ga0453232_0308971 E Predicted Eukaryotic  rRNA (817 bp) From domain V1l to V1l on main strand	k:Eukaryota(0.9800),d:TSAR(0.2940),p:Stramenopiles-Gyrista(0.0382),c:Bacillariophyceae(0.0031),o:Bacillariales(0.0002),f:Bacillariaceae(0.0000),g:Fragilariopsis(0.0000),s:Fragilariopsis_kerguelensis(0.0000)	+	k:Eukaryota
Ga0453232|Ga0453232_0282911 E Predicted Eukaryotic  rRNA (857 bp) From domain V5r to V5r on complementary strand	k:Bacteria(1.0000),d:PANNAM(1.0000),p:Proteobacteria-Proteobacteria_X(1.0000),c:Gammaproteobacteria(1.0000),o:Betaproteobacteriales(1.0000),f:Nitrosomonadaceae(0.9100),g:Ellin6067(0.8281),s:Ellin6067_sp.(0.7536)	+	k:Bacteria,d:PANNAM,p:Proteobacteria-Proteobacteria_X,c:Gammaproteobacteria,o:Betaproteobacteriales,f:Nitrosomonadaceae,g:Ellin6067
Ga0453232|Ga0453232_0260215 E Predicted Eukaryotic  rRNA (897 bp) From domain V3l to V5r on complementary strand	k:Eukaryota(1.0000),d:Obazoa(1.0000),p:Opisthokonta-Fungi(1.0000),c:Chytridiomycota(0.9900),o:Rhizophydiales(0.8811),f:Rhizophydiales_X(0.7842),g:Rhizophydiales_XX(0.6979),s:Rhizophydiales_XX_sp.(0.6211)	+	k:Eukaryota,d:Obazoa,p:Opisthokonta-Fungi,c:Chytridiomycota,o:Rhizophydiales
Ga0453232|Ga0453232_0333746 E Predicted Eukaryotic  rRNA (782 bp) From domain V5r to V5r on main strand	k:Bacteria(1.0000),d:PANNAM(1.0000),p:Proteobacteria-Proteobacteria_X(1.0000),c:Alphaproteobacteria(0.9700),o:Rhizobiales(0.8439),f:Rhizobiales_Incertae_Sedis(0.3122),g:Nordella(0.1124),s:Nordella_sp.(0.0405)	+	k:Bacteria,d:PANNAM,p:Proteobacteria-Proteobacteria_X,c:Alphaproteobacteria,o:Rhizobiales
Ga0453232|Ga0453232_0347926 E Predicted Eukaryotic  rRNA (764 bp) From domain V5r to V5r on complementary strand	k:Eukaryota:plas(1.0000),d:Archaeplastida:plas(1.0000),p:Chlorophyta:plas-Chlorophyta_X:plas(0.9600),c:Trebouxiophyceae:plas(0.9216),o:Chlorellales:plas(0.8571),f:Chlorellales_X:plas(0.7800),g:Oocystis:plas(0.4134),s:Oocystis_solitaria:plas(0.2191)	+	k:Eukaryota:plas,d:Archaeplastida:plas,p:Chlorophyta:plas-Chlorophyta_X:plas,c:Trebouxiophyceae:plas,o:Chlorellales:plas
Ga0453232|Ga0453232_0346051 E Predicted Eukaryotic  rRNA (766 bp) From domain V5r to V5r on main strand	k:Bacteria(1.0000),d:Terrabacteria(1.0000),p:Actinobacteria-Actinobacteria_X(1.0000),c:Actinobacteria_XX(1.0000),o:Frankiales(0.5800),f:Cryptosporangiaceae(0.2204),g:Fodinicola(0.0838),s:Fodinicola_sp.(0.0318)	+	k:Bacteria,d:Terrabacteria,p:Actinobacteria-Actinobacteria_X,c:Actinobacteria_XX
Ga0453232|Ga0453232_0350936 E Predicted Eukaryotic  rRNA (760 bp) From domain V2l to V4r on complementary strand	k:Eukaryota(1.0000),d:TSAR(0.9900),p:Rhizaria-Cercozoa(0.9702),c:Filosa-Imbricatea(0.7859),o:Marimonadida(0.5973),f:Marimonadida_X(0.4539),g:Marimonadida_XX(0.2406),s:Marimonadida_XX_sp.(0.1275)	+	k:Eukaryota,d:TSAR,p:Rhizaria-Cercozoa
Ga0453232|Ga0453232_0359905 E Predicted Eukaryotic  rRNA (749 bp) From domain V1l to V1l on main strand	k:Eukaryota(0.9700),d:TSAR(0.5238),p:Stramenopiles-Gyrista(0.1467),c:Bacillariophyceae(0.0396),o:Bacillariales(0.0107),f:Bacillariaceae(0.0029),g:Fragilariopsis(0.0008),s:Fragilariopsis_kerguelensis(0.0002)	+	k:Eukaryota
Ga0453232|Ga0453232_0390979 E Predicted Eukaryotic  rRNA (715 bp) From domain V5r to V5r on complementary strand	k:Eukaryota:plas(1.0000),d:Archaeplastida:plas(1.0000),p:Chlorophyta:plas-Chlorophyta_X:plas(1.0000),c:Trebouxiophyceae:plas(1.0000),o:Chlorellales:plas(0.9600),f:Chlorellales_X:plas(0.9216),g:Parachlorella:plas(0.6543),s:Parachlorella_kessleri:plas(0.4646)	+	k:Eukaryota:plas,d:Archaeplastida:plas,p:Chlorophyta:plas-Chlorophyta_X:plas,c:Trebouxiophyceae:plas,o:Chlorellales:plas,f:Chlorellales_X:plas
Ga0453232|Ga0453232_0398391 E Predicted Eukaryotic  rRNA (707 bp) From domain V7l to V9l on main strand	k:Eukaryota(1.0000),d:TSAR(0.9600),p:Alveolata-Ciliophora(0.8544),c:Oligohymenophorea(0.7006),o:Peritrichia_2(0.5535),f:Sessilida(0.4151),g:Sessilida_X(0.1577),s:Sessilida_X_sp.(0.0599)	+	k:Eukaryota,d:TSAR,p:Alveolata-Ciliophora
Ga0453232|Ga0453232_0402594 E Predicted Eukaryotic  rRNA (703 bp) From domain V9l to V9l on complementary strand	k:Eukaryota(1.0000),d:TSAR(1.0000),p:Stramenopiles-Gyrista(0.9900),c:Peronosporomycetes(0.6336),o:Peronosporomycetes_X(0.4055),f:Peronosporales(0.2555),g:Pythium(0.1150),s:Pythium_aphanidermatum(0.0517)	+	k:Eukaryota,d:TSAR,p:Stramenopiles-Gyrista
Ga0453232|Ga0453232_0440037 E Predicted Eukaryotic  rRNA (668 bp) From domain V7l to V7l on complementary strand	k:Eukaryota(0.9500),d:TSAR(0.3705),p:Stramenopiles-Gyrista(0.0741),c:Bacillariophyceae(0.0133),o:Bacillariales(0.0019),f:Bacillariaceae(0.0003),g:Fragilariopsis(0.0000),s:Fragilariopsis_kerguelensis(0.0000)	+	k:Eukaryota
Ga0453232|Ga0453232_0447384 E Predicted Eukaryotic  rRNA (185 bp) From domain V1l to V2l on complementary strand	k:Eukaryota(1.0000),d:TSAR(1.0000),p:Alveolata-Dinoflagellata(1.0000),c:Dinophyceae(1.0000),o:Peridiniales(1.0000),f:Thoracosphaeraceae(1.0000),g:Thoracosphaeraceae_X(1.0000),s:Thoracosphaeraceae_X_sp.(1.0000)	+	k:Eukaryota,d:TSAR,p:Alveolata-Dinoflagellata,c:Dinophyceae,o:Peridiniales,f:Thoracosphaeraceae,g:Thoracosphaeraceae_X,s:Thoracosphaeraceae_X_sp.
Ga0453232|Ga0453232_0466568 E Predicted Eukaryotic  rRNA (645 bp) From domain V5r to V5r on complementary strand	k:Bacteria(0.7800),d:PANNAM(0.4680),p:Proteobacteria-Proteobacteria_X(0.2574),c:Gammaproteobacteria(0.0952),o:Thiomicrospirales(0.0086),f:Thiomicrospiraceae(0.0008),g:Thiomicrospira(0.0001),s:Thiomicrospira_sp.(0.0000)	+	
Ga0453232|Ga0453232_0461759 E Predicted Eukaryotic  rRNA (649 bp) From domain V4l to V5r on main strand	k:Eukaryota(1.0000),d:Obazoa(1.0000),p:Opisthokonta-Fungi(1.0000),c:Opisthosporidia(1.0000),o:Microsporida(1.0000),f:Microsporida_X(1.0000),g:Microsporidia(0.7200),s:Microsporidia_sp.(0.5184)	+	k:Eukaryota,d:Obazoa,p:Opisthokonta-Fungi,c:Opisthosporidia,o:Microsporida,f:Microsporida_X
Ga0453232|Ga0453232_0466852 E Predicted Eukaryotic  rRNA (645 bp) From domain V5r to V5r on main strand	k:Bacteria(1.0000),d:PANNAM(1.0000),p:Proteobacteria-Proteobacteria_X(1.0000),c:Gammaproteobacteria(1.0000),o:Oceanospirillales(0.9100),f:Pseudohongiellaceae(0.8099),g:Pseudohongiella(0.7208),s:Pseudohongiella_sp.(0.6415)	+	k:Bacteria,d:PANNAM,p:Proteobacteria-Proteobacteria_X,c:Gammaproteobacteria,o:Oceanospirillales,f:Pseudohongiellaceae
Ga0453232|Ga0453232_0503038 E Predicted Eukaryotic  rRNA (617 bp) From domain V5r to V5r on complementary strand	k:Bacteria(1.0000),d:FCB(1.0000),p:Bacteroidetes-Bacteroidetes_X(1.0000),c:Bacteroidia(1.0000),o:Sphingobacteriales(1.0000),f:Sphingobacteriaceae(1.0000),g:Sphingobacteriaceae_X(0.5400),s:Sphingobacteriaceae_X_sp.(0.2916)	+	k:Bacteria,d:FCB,p:Bacteroidetes-Bacteroidetes_X,c:Bacteroidia,o:Sphingobacteriales,f:Sphingobacteriaceae
Ga0453232|Ga0453232_0521123 E Predicted Eukaryotic  rRNA (604 bp) From domain V5r to V5r on complementary strand	k:Bacteria(1.0000),d:FCB(1.0000),p:Bacteroidetes-Bacteroidetes_X(1.0000),c:Bacteroidia(1.0000),o:Flavobacteriales(1.0000),f:Crocinitomicaceae(0.9600),g:Fluviicola(0.7680),s:Fluviicola_sp.(0.6144)	+	k:Bacteria,d:FCB,p:Bacteroidetes-Bacteroidetes_X,c:Bacteroidia,o:Flavobacteriales,f:Crocinitomicaceae
Ga0453232|Ga0453232_0469295 E Predicted Eukaryotic  rRNA (643 bp) From domain V5l to V5r on complementary strand	k:Eukaryota(1.0000),d:TSAR(0.9300),p:Alveolata-Dinoflagellata(0.7626),c:Dinophyceae(0.5720),o:Dinophyceae_X(0.1430),f:Dinophyceae_XX(0.0357),g:Dinophyceae_XXX(0.0068),s:Dinophyceae_XXX_sp.(0.0013)	+	k:Eukaryota,d:TSAR
Ga0453232|Ga0453232_0480219 E Predicted Eukaryotic  rRNA (634 bp) From domain V7r to V9l on complementary strand	k:Eukaryota(1.0000),d:Cryptista(0.9100),p:Cryptophyta-Cryptophyta_X(0.8281),c:Cryptophyceae(0.7536),o:Cryptophyceae_X(0.6481),f:Basal_Cryptophyceae-1(0.3888),g:Basal_Cryptophyceae-1_X(0.2333),s:Basal_Cryptophyceae-1_X_sp.(0.1400)	+	k:Eukaryota,d:Cryptista,p:Cryptophyta-Cryptophyta_X
Ga0453232|Ga0453232_0617585 E Predicted Eukaryotic  rRNA (545 bp) From domain V3r to V3r on complementary strand	k:Eukaryota(0.9600),d:TSAR(0.4512),p:Stramenopiles-Gyrista(0.1354),c:Bacillariophyceae(0.0379),o:Bacillariales(0.0102),f:Bacillariaceae(0.0028),g:Fragilariopsis(0.0007),s:Fragilariopsis_kerguelensis(0.0002)	+	k:Eukaryota
Ga0453232|Ga0453232_0533042 E Predicted Eukaryotic  rRNA (596 bp) From domain V5r to V5r on main strand	k:Bacteria(1.0000),d:Terrabacteria(1.0000),p:Actinobacteria-Actinobacteria_X(1.0000),c:Actinobacteria_XX(1.0000),o:Frankiales(0.5200),f:Cryptosporangiaceae(0.1040),g:Fodinicola(0.0187),s:Fodinicola_sp.(0.0034)	+	k:Bacteria,d:Terrabacteria,p:Actinobacteria-Actinobacteria_X,c:Actinobacteria_XX
Ga0453232|Ga0453232_0531835 E Predicted Eukaryotic  rRNA (597 bp) From domain V3l to V4r on main strand	k:Eukaryota(0.9800),d:TSAR(0.9604),p:Stramenopiles-Gyrista(0.9412),c:Chrysophyceae(0.9224),o:Chrysophyceae_X(0.8025),f:Chrysophyceae_XX(0.6981),g:Chrysophyceae_XXX(0.6074),s:Chrysophyceae_XXX_sp.(0.5284)	+	k:Eukaryota,d:TSAR,p:Stramenopiles-Gyrista,c:Chrysophyceae,o:Chrysophyceae_X
Ga0453232|Ga0453232_0586865 E Predicted Eukaryotic  rRNA (562 bp) From domain V7l to V9l on complementary strand	k:Eukaryota(1.0000),d:Archaeplastida(1.0000),p:Chlorophyta-Chlorophyta_X(1.0000),c:Chlorophyceae(1.0000),o:Chlamydomonadales(0.9900),f:Chlamydomonadales_X(0.9801),g:Chlamydomonas(0.9017),s:Chlamydomonas_sp.(0.8115)	+	k:Eukaryota,d:Archaeplastida,p:Chlorophyta-Chlorophyta_X,c:Chlorophyceae,o:Chlamydomonadales,f:Chlamydomonadales_X,g:Chlamydomonas,s:Chlamydomonas_sp.
Ga0453232|Ga0453232_0621275 E Predicted Eukaryotic  rRNA (543 bp) From domain V1l to V1l on complementary strand	k:Eukaryota(0.9700),d:TSAR(0.3492),p:Stramenopiles-Gyrista(0.0733),c:Bacillariophyceae(0.0103),o:Bacillariales(0.0012),f:Bacillariaceae(0.0001),g:Fragilariopsis(0.0000),s:Fragilariopsis_kerguelensis(0.0000)	+	k:Eukaryota
Ga0453232|Ga0453232_0629386 E Predicted Eukaryotic  rRNA (539 bp) From domain V2l to V2l on main strand	k:Eukaryota(0.9400),d:TSAR(0.2444),p:Stramenopiles-Gyrista(0.0342),c:Bacillariophyceae(0.0031),o:Bacillariales(0.0003),f:Bacillariaceae(0.0000),g:Fragilariopsis(0.0000),s:Fragilariopsis_kerguelensis(0.0000)	+	k:Eukaryota
Ga0453232|Ga0453232_0629644 E Predicted Eukaryotic  rRNA (129 bp) From domain V1l to V2l on main strand	k:Eukaryota(1.0000),d:Archaeplastida(0.9700),p:Chlorophyta-Chlorophyta_X(0.9409),c:Trebouxiophyceae(0.8844),o:Chlorellales(0.7872),f:Chlorellales_X(0.7006),g:Chlorella(0.1892),s:Chlorella_sp.(0.0492)	+	k:Eukaryota,d:Archaeplastida,p:Chlorophyta-Chlorophyta_X,c:Trebouxiophyceae
Ga0453232|Ga0453232_0647578 E Predicted Eukaryotic  rRNA (529 bp) From domain V5r to V5r on main strand	k:Bacteria(1.0000),d:FCB(1.0000),p:Bacteroidetes-Bacteroidetes_X(1.0000),c:Bacteroidia(1.0000),o:Flavobacteriales(0.9700),f:Crocinitomicaceae(0.8924),g:Fluviicola(0.5890),s:Fluviicola_sp.(0.3887)	+	k:Bacteria,d:FCB,p:Bacteroidetes-Bacteroidetes_X,c:Bacteroidia,o:Flavobacteriales,f:Crocinitomicaceae
Ga0453232|Ga0453232_0661869 E Predicted Eukaryotic  rRNA (522 bp) From domain V9l to V9l on complementary strand	k:Eukaryota(1.0000),d:Archaeplastida(1.0000),p:Chlorophyta-Chlorophyta_X(1.0000),c:Chlorophyceae(1.0000),o:Chlamydomonadales(1.0000),f:Chlamydomonadales_X(1.0000),g:Tetracystis(0.9100),s:Tetracystis_pampae(0.8190)	+	k:Eukaryota,d:Archaeplastida,p:Chlorophyta-Chlorophyta_X,c:Chlorophyceae,o:Chlamydomonadales,f:Chlamydomonadales_X,g:Tetracystis,s:Tetracystis_pampae
Ga0453232|Ga0453232_0654200 E Predicted Eukaryotic  rRNA (489 bp) From domain V7l to V9r on complementary strand	k:Eukaryota(1.0000),d:TSAR(0.9200),p:Rhizaria-Cercozoa(0.8096),c:Filosa-Thecofilosea(0.2267),o:Ebriacea(0.0272),f:TAGIRI1-lineage(0.0033),g:TAGIRI1-lineage_X(0.0004),s:TAGIRI1-lineage_X_sp.(0.0000)	+	k:Eukaryota,d:TSAR,p:Rhizaria-Cercozoa
Ga0453232|Ga0453232_0674957 E Predicted Eukaryotic  rRNA (516 bp) From domain V5r to V5r on main strand	k:Bacteria(1.0000),d:PANNAM(1.0000),p:Proteobacteria-Proteobacteria_X(1.0000),c:Alphaproteobacteria(1.0000),o:Acetobacterales(1.0000),f:Acetobacteraceae(1.0000),g:Acidicaldus(0.3200),s:Acidicaldus_sp.(0.1024)	+	k:Bacteria,d:PANNAM,p:Proteobacteria-Proteobacteria_X,c:Alphaproteobacteria,o:Acetobacterales,f:Acetobacteraceae
Ga0453232|Ga0453232_0670209 E Predicted Eukaryotic  rRNA (518 bp) From domain V8l to V9l on main strand	k:Eukaryota(1.0000),d:TSAR(1.0000),p:Stramenopiles-Gyrista(1.0000),c:Dictyochophyceae(0.9700),o:Dictyochophyceae_X(0.9409),f:Pedinellales(0.9033),g:Pedinellales_X(0.8310),s:Pedinellales_X_sp.(0.7645)	+	k:Eukaryota,d:TSAR,p:Stramenopiles-Gyrista,c:Dictyochophyceae,o:Dictyochophyceae_X,f:Pedinellales,g:Pedinellales_X
